from,to
"207264","295550"
"7174","864528"
"2732416","2732424"
"1129","1131"
"7174","284563"
"2611341","207245"
"4667","4677"
"135449","256689"
"7174","69822"
"8899","8900"
"1404","545693"
"8101","8102"
"7458","28641"
"30649","34843"
"119825","30546"
"4107","227725"
"2267","2276"
"10066","121572"
"20685","53889"
"4642","94326"
"470","400667"
"1578","33959"
"1129","166314"
"45053","45057"
"4710","13893"
"7399","48719"
"4479","4575"
"7174","1406360"
"27662","27663"
"8509","81953"
"9367","9368"
"2742598","1613"
"4618","4626"
"254717","749652"
"238884","33652"
"50389","50390"
"7158","120872"
"1036719","27337"
"203490","203491"
"1804623","3550"
"9961","9962"
"337677","157540"
"2763","2806"
"48120","54444"
"34399","1715245"
"2603868","110941"
"7952","7968"
"6704","6705"
"1716","1718"
"41069","41070"
"9776","9778"
"88723","1172566"
"400783","135449"
"9126","2169681"
"6544","47521"
"5021","220672"
"9230","9231"
"28253","1904862"
"9554","9557"
"4479","649763"
"286","306"
"186623","7933"
"1804623","1307779"
"56688","1089753"
"82115","34019"
"8952","279964"
"46995","171896"
"551","338565"
"34622","1155000"
"225058","119977"
"6964","451480"
"9527","542827"
"45053","146803"
"36772","291607"
"5121","1486407"
"35429","3164"
"5654","1463229"
"120497","125878"
"4056","63477"
"5660","87235"
"2251","2253"
"8830","8842"
"4119","35883"
"305597","371200"
"3803","3863"
"4210","53714"
"40674","9362"
"2731342","2732416"
"2829815","191"
"416916","714"
"9539","9544"
"4210","4264"
"816","329854"
"7065","7073"
"4118","112276"
"356","69277"
"7215","7246"
"2158","2159"
"1578","1584"
"203491","203492"
"9409","270763"
"240010","325515"
"1804623","378844"
"254717","689277"
"9224","12929"
"31026","241826"
"8572","8573"
"78752","1423412"
"28901","48409"
"115353","704560"
"3398","4069"
"30948","28828"
"50362","49669"
"27257","29655"
"7711","40674"
"13792","1525212"
"1911","67263"
"33554","379582"
"213598","387127"
"66056","8526"
"9342","37888"
"1909205","2681982"
"8689","8690"
"7174","526217"
"3569","278075"
"91347","2812006"
"91883","4294"
"301541","1049789"
"9133","37606"
"1279","29385"
"9434","225399"
"1129","305430"
"2776189","234626"
"6964","447910"
"43469","1004435"
"4070","4071"
"767892","488538"
"3655","61886"
"4747","51238"
"5269","5270"
"147550","639021"
"67677","278021"
"6452","36094"
"9608","34879"
"2759736","1582"
"3623","3624"
"413496","28141"
"183924","114380"
"337677","530177"
"9224","9225"
"1892252","54304"
"9895","9918"
"4747","38190"
"4741","255331"
"46406","50308"
"28901","611"
"7451","30213"
"8561","47727"
"9800","9802"
"3898","57577"
"1903409","53335"
"8782","9230"
"7157","329110"
"8721","8725"
"45449","115424"
"1883","1912"
"4137","587664"
"28901","115981"
"7041","107778"
"6073","6101"
"15492","52152"
"4136","13432"
"103830","667449"
"9434","109479"
"53158","53159"
"119060","32008"
"3977","3990"
"54707","105274"
"712","416916"
"2237","35742"
"712","724"
"10084","107265"
"135621","286"
"4143","4144"
"12929","151760"
"8315","8316"
"9984","9986"
"635074","190455"
"147541","92860"
"9598","37011"
"30102","30125"
"7777","117887"
"4747","36459"
"7174","284565"
"29132","10184"
"7164","199890"
"214089","499538"
"31957","1743"
"4210","4211"
"9520","27679"
"5073","5074"
"76024","76031"
"8509","8572"
"82224","112543"
"6893","6913"
"36668","7482"
"74201","414999"
"5073","121612"
"45053","45059"
"28901","59202"
"1906945","1426"
"4107","205567"
"9647","9653"
"9429","9430"
"4200","49606"
"9005","9102"
"379","29449"
"301914","512269"
"9362","9376"
"10811","10814"
"4037","48043"
"35549","13179"
"252611","1629510"
"337677","42414"
"3041","3166"
"9224","13239"
"5507","61369"
"183963","1644055"
"4070","24663"
"7900","7901"
"6448","27813"
"57381","91778"
"4893","4930"
"7147","81707"
"64463","64464"
"1499392","32014"
"28105","382"
"7117","7118"
"37611","187426"
"191","192"
"36922","73123"
"1883","54571"
"10066","472706"
"8830","8831"
"2706","171254"
"3745","23159"
"4144","4145"
"31022","143346"
"3524","4437"
"10814","2034519"
"662","728064"
"7147","41827"
"27671","59473"
"9975","9979"
"31364","31365"
"1280","561307"
"4672","55575"
"2743726","28799"
"7147","169440"
"8016","30962"
"9513","9517"
"66679","329675"
"104264","192170"
"216294","31212"
"33413","33414"
"10088","254704"
"13492","35925"
"3705","3707"
"13118","883788"
"3749","3750"
"77230","77231"
"413496","413502"
"6448","6497"
"33958","1578"
"3720","70124"
"54110","121567"
"5754","5756"
"28211","278678"
"6683","6744"
"1783272","1297"
"8918","279940"
"7190","7191"
"27394","216282"
"1351","1169286"
"53551","2007218"
"4069","4118"
"1912216","1747"
"3573","37657"
"1903411","629"
"2732459","2732541"
"28450","320371"
"3629","1313347"
"188567","188568"
"9432","9433"
"2235","2236"
"240058","434246"
"1236","135622"
"8397","8399"
"217164","217165"
"204037","1778540"
"5506","179993"
"9434","203696"
"287","208964"
"4581","58923"
"10069","106112"
"1396","334406"
"3803","20685"
"3633","34274"
"9564","9565"
"4210","58643"
"1279","29387"
"469","471"
"4747","141751"
"82115","357"
"59488","187017"
"52798","1980404"
"9900","9901"
"4107","45834"
"42823","12922"
"543","568987"
"28896","1094508"
"68287","381"
"30871","1208316"
"4501","15371"
"9102","9103"
"63475","63476"
"38820","4479"
"33154","4761"
"2755","2756"
"3633","34287"
"562","2072452"
"43148","72883"
"8016","8023"
"78752","318450"
"66056","161939"
"7511","7514"
"36801","214444"
"186623","8111"
"337677","530179"
"6998","58607"
"6893","94017"
"9224","9227"
"1094731","1094737"
"9398","77236"
"6977","36977"
"10128","134910"
"4118","2153387"
"28557","1075110"
"251095","104766"
"4037","40890"
"38820","4613"
"642","654"
"5129","5130"
"32390","217439"
"10814","649996"
"9237","30457"
"10128","39030"
"7164","69004"
"40886","48027"
"1268","596707"
"4605","4608"
"27065","4441"
"8111","8165"
"28901","436295"
"9434","109481"
"526525","128827"
"9850","9867"
"14101","13578"
"4641","214697"
"481682","237662"
"695982","1089732"
"55153","10008"
"268499","40084"
"695564","39465"
"42188","8707"
"2706","37656"
"8509","8561"
"27541","2911890"
"192752","190277"
"10066","51347"
"9406","1898393"
"4144","38871"
"33836","33844"
"156201","68874"
"3744","3474"
"3625","1590841"
"3650","213598"
"190765","873164"
"4512","97361"
"13130","13131"
"5073","5076"
"9821","9822"
"6944","1325874"
"5543","63577"
"1491","929505"
"3877","70957"
"2783445","52798"
"8342","8397"
"39500","39501"
"37990","97379"
"106298","106299"
"9836","9837"
"4072","40321"
"29122","184063"
"129337","340407"
"8070","241819"
"629","28152"
"9599","9601"
"106105","106106"
"6479","39476"
"4668","59041"
"204455","31989"
"111522","439395"
"9374","9375"
"182676","182677"
"267888","53246"
"95601","95602"
"3440","46995"
"35460","35461"
"4618","4630"
"9416","40230"
"4740","4741"
"10001","55149"
"1578","109790"
"9789","319699"
"41874","41875"
"12916","80869"
"32446","55118"
"583","584"
"7174","42431"
"3164","2812566"
"10814","223347"
"3754","140311"
"3803","109170"
"662","190893"
"56448","195709"
"3803","49800"
"3041","3168"
"8015","8028"
"52285","127520"
"2570238","33120"
"328378","328379"
"4747","38234"
"562","2170723"
"13730","13731"
"1280","1334189"
"147548","34379"
"86974","86976"
"270763","270764"
"10128","129246"
"80864","80865"
"2053","84139"
"28641","30192"
"114431","114432"
"4144","13596"
"3650","3676"
"44055","44056"
"267375","1117316"
"122556","122557"
"4144","4147"
"31365","38530"
"1301","1348"
"8842","8843"
"3646","233880"
"30599","34826"
"12914","563177"
"1386","1392"
"54049","54057"
"147550","5125"
"3803","140916"
"5340","5341"
"2881428","84588"
"7055","50578"
"51653","51654"
"4085","35889"
"4210","183075"
"57630","693201"
"10128","61837"
"7002","7008"
"49442","196296"
"4210","53718"
"4544","4545"
"4147","660624"
"8252","30948"
"92860","221678"
"9498","2681187"
"1386","1405"
"3764","36598"
"41945","4345"
"3749","3752"
"4609","4610"
"8169","8174"
"8493","8500"
"32390","32392"
"156201","263964"
"35549","12981"
"554493","554494"
"645","29491"
"7215","7250"
"3593","154422"
"4688","34192"
"3803","53922"
"155616","90883"
"9443","40297"
"1236","135624"
"1535530","172190"
"56688","64713"
"9980","48086"
"7157","2766978"
"1245","33966"
"7041","196978"
"3754","1358727"
"29710","55577"
"6937","1453431"
"359336","658609"
"9593","9595"
"3633","34276"
"4546","128810"
"9265","9271"
"629714","55962"
"33415","127358"
"33554","119825"
"10066","89456"
"54526","1655514"
"13712","123797"
"573","1087440"
"133894","64466"
"2732523","2732554"
"4056","84865"
"103719","161590"
"6656","116172"
"9612","425934"
"30546","30548"
"56290","56291"
"3630","3631"
"141751","141753"
"2759","419944"
"7366","305597"
"1445","1218173"
"8459","8487"
"3745","23216"
"8578","1591003"
"5125","34397"
"9895","9922"
"1428","1444"
"663","1219076"
"29442","564423"
"7158","1914964"
"2370","2371"
"4018","4019"
"3781","22994"
"1980404","1980407"
"2887326","468"
"35937","35938"
"7392","7393"
"42336","42337"
"10161","10162"
"5179","352851"
"10066","10046"
"8782","9126"
"685122","120497"
"53158","53163"
"7459","7460"
"13432","222564"
"9699","9700"
"4150","4151"
"9850","9869"
"40323","69392"
"3913","3915"
"10035","10036"
"4236","1049370"
"3524","3581"
"6936","34601"
"9237","9238"
"2153387","197414"
"3688","3689"
"2854170","97050"
"117544","1928361"
"1807140","225057"
"48736","305"
"3629","183218"
"418966","2902"
"2","1224"
"2037","2049"
"6524","6525"
"6656","6681"
"9596","9598"
"3820","3821"
"3654","260674"
"2159","2160"
"2284","687691"
"2698737","2836"
"50557","7041"
"4479","4581"
"9126","164646"
"4685","4686"
"9436","9437"
"39173","39350"
"3887","3888"
"186817","2800373"
"9709","9717"
"4740","4743"
"1129","232348"
"3618","3619"
"1219","167539"
"38609","9335"
"2732538","251095"
"662","28169"
"4210","50190"
"4107","49274"
"9266","9268"
"43070","43071"
"4668","4695"
"163133","163134"
"222","85698"
"4747","38236"
"258862","258863"
"3803","167616"
"41297","165695"
"5114","218102"
"147550","5114"
"6681","6821"
"1644056","2251"
"1239988","626341"
"2085","2092"
"10066","10088"
"58987","126617"
"56688","1089759"
"7158","7160"
"948950","9352"
"9929","59546"
"9108","9109"
"108452","288286"
"3558","63459"
"5799","5800"
"3502","3514"
"8830","8835"
"58068","584997"
"104766","36772"
"30858","163133"
"8578","39095"
"71419","61982"
"3624","3625"
"8111","8101"
"37989","37990"
"9702","9703"
"6998","6999"
"4070","2570238"
"215387","270530"
"10069","29095"
"4199","4206"
"37184","37189"
"40551","4710"
"7197","252609"
"5352","5353"
"287","1009714"
"5506","282267"
"4539","38727"
"4554","4555"
"34371","5121"
"171414","8254"
"7065","7066"
"3803","3869"
"55039","55040"
"4783","4792"
"83905","83906"
"9639","29073"
"10155","10156"
"3705","3711"
"4890","4891"
"2608109","2830"
"8169","8176"
"1282","1248411"
"35461","3071"
"58055","49442"
"34879","34880"
"7197","7198"
"1236","135613"
"356","82115"
"3536","122399"
"8906","28683"
"8910","8911"
"1851","33913"
"3700","65352"
"9126","36270"
"44988","44989"
"4085","81866"
"3647","262675"
"5506","57164"
"9775","9776"
"666","45888"
"63742","13769"
"399129","5115"
"662","696485"
"4136","53171"
"644","196023"
"33554","9705"
"3587","108054"
"7164","62324"
"41021","343454"
"3493","3494"
"91561","9726"
"3754","97321"
"8515","8516"
"7139","463826"
"4011","55512"
"337677","10043"
"461397","907075"
"43148","72874"
"34885","34886"
"40749","103529"
"4072","165789"
"8459","8476"
"23012","45339"
"38609","65619"
"9401","9403"
"3398","4667"
"135447","187443"
"9445","9446"
"270857","441921"
"3615","3618"
"34619","1046038"
"572873","572874"
"233875","4305"
"7157","190765"
"339810","1321405"
"40552","16237"
"642","645"
"530179","530180"
"41768","3440"
"147271","173849"
"7191","41808"
"108353","932019"
"121148","136180"
"642","1569654"
"38410","658125"
"37564","266085"
"28901","1299114"
"555280","1485168"
"186623","8007"
"4672","55634"
"32390","217443"
"1584","1585"
"41819","41820"
"357","1183400"
"82593","393334"
"3660","37645"
"85028","2060"
"13562","745715"
"875170","1397108"
"3995","454931"
"9850","9871"
"3869","3874"
"3633","3634"
"3913","3917"
"147271","147272"
"204441","433"
"1219","74547"
"6893","6906"
"56635","229980"
"7158","869251"
"7711","8292"
"125628","63189"
"146919","761659"
"2732541","10880"
"118882","234"
"333467","447881"
"5498","29917"
"2260","29292"
"2902","2903"
"3754","36596"
"8509","8578"
"28211","204441"
"4210","189214"
"2284","207809"
"4642","105180"
"163236","163467"
"7147","7149"
"82462","259053"
"1129","166322"
"7720","7721"
"125369","565426"
"9401","77217"
"4479","4583"
"337677","42407"
"33853","33855"
"7164","59117"
"37180","37181"
"1301","28037"
"43080","1241935"
"41503","41522"
"1307779","434243"
"69278","658607"
"4050","46406"
"4345","13749"
"1034015","926571"
"156152","26867"
"56688","1089748"
"4668","4697"
"9397","59445"
"31184","31185"
"3650","3667"
"28901","149385"
"9554","208091"
"34601","906883"
"4546","152679"
"7711","7742"
"3766","23211"
"1639","1457188"
"41820","41821"
"8314","339873"
"4037","54707"
"23672","290931"
"53718","53719"
"3398","403665"
"7117","7124"
"3569","3570"
"4119","89650"
"91347","1903414"
"1307","1004952"
"47727","146913"
"34625","34626"
"1350","1352"
"551","79967"
"171549","2005525"
"3398","40548"
"1280","158879"
"110667","110668"
"10033","10034"
"3624","3627"
"49237","1382994"
"562","498388"
"9205","8899"
"6965","70395"
"6995","6996"
"24966","60364"
"1386","1396"
"91061","186826"
"153296","258952"
"117879","117880"
"30840","119374"
"46111","46112"
"156630","1122867"
"10814","172278"
"41425","41426"
"48043","305795"
"3701","3702"
"4107","115667"
"55153","1141637"
"49606","105884"
"4672","55581"
"10049","1047088"
"76369","76370"
"141261","141262"
"337677","511942"
"6448","2315723"
"100370","504204"
"2854170","309512"
"7100","134396"
"7215","7241"
"1386","1409"
"260257","260258"
"40674","948951"
"4479","4504"
"30459","30460"
"1396","526977"
"7100","244289"
"42407","42408"
"12914","41673"
"40232","40233"
"9705","9706"
"51859","51860"
"685122","110071"
"31141","192173"
"164646","84832"
"4221","4222"
"2281","118883"
"5125","474942"
"13239","57247"
"4479","798297"
"2060","42777"
"4136","39173"
"183220","1610811"
"72874","173220"
"5151","5152"
"2062","1883"
"3646","4004"
"456999","983506"
"549779","985782"
"80864","28065"
"40674","9975"
"4210","41495"
"4747","154697"
"9895","9900"
"83654","83655"
"252609","869609"
"517","518"
"34084","34085"
"3676","320667"
"9969","9970"
"3043","3044"
"6159","31262"
"9431","360966"
"2800373","1404"
"9401","9405"
"9681","9688"
"2237","51589"
"13769","547559"
"3615","3620"
"27479","30075"
"204428","204429"
"562","373045"
"2759","2698737"
"695564","497516"
"286","129847"
"642","647"
"36801","641488"
"9570","33548"
"1827","33008"
"3803","3913"
"3711","1652998"
"186817","1906945"
"10197","140493"
"190765","7162"
"80865","80866"
"254524","1120791"
"64231","184140"
"1224","28221"
"76708","76709"
"79446","141750"
"55153","10001"
"2704949","5654"
"28799","28800"
"110215","110225"
"34619","34620"
"3803","47081"
"44196","859418"
"82593","82594"
"4530","39947"
"31969","2085"
"9706","9707"
"41875","1075084"
"3708","138011"
"9980","9983"
"3995","454933"
"51894","51896"
"9979","9987"
"93758","93759"
"146712","9696"
"29105","56210"
"9821","273790"
"274","262724"
"230231","389761"
"9778","127582"
"23216","32247"
"35493","58020"
"3164","748148"
"4554","149379"
"379","384"
"4085","200313"
"34379","78156"
"5251","76351"
"1236","91347"
"49442","159858"
"810","85991"
"7934","7935"
"28450","441158"
"56636","272557"
"56487","56488"
"7136","7137"
"3629","93758"
"90883","1851551"
"745","747"
"30610","9463"
"7088","7096"
"6042","27925"
"56688","2248"
"9126","9158"
"4119","4121"
"3071","554066"
"543371","28895"
"3898","97036"
"4200","59171"
"9714","9715"
"9717","9720"
"2236","2239"
"45478","99826"
"9436","242383"
"9779","9780"
"4479","158091"
"1129","232352"
"3432","3433"
"68295","543371"
"7088","115353"
"236345","323751"
"4210","109564"
"286","303"
"5658","5667"
"695564","129553"
"3499","3500"
"3650","3669"
"2706","171249"
"28901","149387"
"1580844","1580851"
"4891","4892"
"378905","483849"
"186328","2131"
"5806","5807"
"7117","7126"
"48720","444401"
"6448","6479"
"106328","27353"
"80840","80864"
"9527","88028"
"1895897","1343640"
"160513","106107"
"143346","325628"
"55265","1539979"
"1386","86661"
"29138","29139"
"3904","3912"
"469","487316"
"6995","6998"
"3877","47085"
"190765","571209"
"21496","55190"
"51383","16107"
"31969","186329"
"40612","47741"
"332339","1905321"
"413496","413497"
"3629","133572"
"9539","9541"
"662","670"
"45618","90396"
"9398","58062"
"469","28090"
"2698737","5794"
"2284","1891280"
"37104","181550"
"9443","30599"
"555369","2681632"
"7139","7140"
"7174","182211"
"43205","43208"
"418919","418920"
"6995","209041"
"1198","126344"
"3803","78532"
"8852","8853"
"75984","75985"
"5543","5544"
"5114","1535530"
"8917","8918"
"149459","308735"
"30252","30253"
"9443","314293"
"34630","2743511"
"4672","930788"
"5179","38451"
"3660","3662"
"5117","117544"
"84111","84112"
"1118","1890449"
"9782","9783"
"3764","74645"
"41021","107012"
"1219","59920"
"35218","5774"
"2830","73020"
"2902005","452646"
"8186","8187"
"190765","120869"
"2005525","375288"
"36254","37598"
"447134","447135"
"301453","13394"
"33554","9709"
"562","753642"
"46984","471709"
"7145","7146"
"547","69218"
"34625","257692"
"1591003","1591025"
"176612","185202"
"410297","410301"
"28901","595"
"85023","33882"
"13203","33402"
"666","127906"
"8016","8018"
"","1"
"4070","24605"
"210","866345"
"48010","1437471"
"85023","1573"
"55153","54071"
"9109","9114"
"30539","30538"
"1670439","48120"
"37579","51751"
"337677","530174"
"6993","6994"
"1345660","145636"
"4107","4084"
"9567","9561"
"2094023","738"
"4107","85267"
"59475","59476"
"24655","33118"
"33154","4890"
"4107","50514"
"92860","28556"
"6029","67677"
"5683","5684"
"468","469"
"4677","61863"
"236680","236681"
"6546","6547"
"4668","51426"
"1089444","1224151"
"102210","102211"
"138557","138558"
"72801","156087"
"7399","7402"
"54318","641303"
"1643688","170"
"649763","59788"
"8788","8789"
"6040","6042"
"396331","82309"
"9632","9639"
"3603","29760"
"7174","7176"
"4454","74663"
"1892259","159191"
"6936","48823"
"9987","9988"
"176092","176093"
"13578","223671"
"1131492","5073"
"29","31"
"4201","4203"
"3640","3641"
"8728","44709"
"9481","9483"
"29105","56212"
"6745","6746"
"3524","3587"
"7066","7067"
"2242","478009"
"135447","135448"
"583","102862"
"33415","2798467"
"1243","33968"
"497","936347"
"1129","166313"
"160674","1873496"
"9592","9593"
"3564","117272"
"4454","174181"
"32014","641420"
"16360","4454"
"7996","7997"
"9647","9650"
"85006","85019"
"1489878","8220"
"233880","212320"
"9434","59463"
"267849","1926584"
"235","359391"
"1028384","1033978"
"9362","9373"
"8782","8798"
"8578","31141"
"41297","13687"
"27671","105295"
"55153","2895726"
"142475","48891"
"8926","8927"
"5204","5257"
"629","631"
"243761","243762"
"53335","69393"
"66017","435758"
"27482","214835"
"1239","526524"
"33677","5754"
"13150","13151"
"121844","121845"
"3514","3504"
"16739","13215"
"9554","9556"
"7147","41811"
"7100","55056"
"6544","6580"
"9989","337673"
"6236","33259"
"337673","107273"
"1804623","1307778"
"3563","169209"
"563843","29548"
"6696","79674"
"329110","569586"
"5251","1768090"
"3650","3671"
"2706","171251"
"3561","3562"
"3564","3567"
"8418","1926313"
"7174","53527"
"10161","30626"
"22","50422"
"3398","4739"
"4577","381124"
"2239","2242"
"9398","9406"
"30989","94992"
"72879","317125"
"7524","30083"
"50366","76058"
"1035538","13792"
"7002","7003"
"1545690","13145"
"4119","35882"
"9513","9514"
"4037","40953"
"13685","13686"
"118883","41674"
"24663","304155"
"34622","49204"
"570","548"
"186473","186474"
"10088","10095"
"9527","9533"
"100370","323052"
"78752","1198148"
"5129","5543"
"2837511","79882"
"1903411","613"
"181550","5721"
"4678","130426"
"7711","8459"
"662","672"
"9398","58064"
"174214","78380"
"9645","9646"
"3398","4055"
"8504","8509"
"7157","53549"
"591932","591936"
"3650","370897"
"7041","7065"
"4479","4508"
"42414","42415"
"62784","391893"
"9397","9436"
"28253","119864"
"180229","35218"
"6749","370545"
"9712","9713"
"7174","562834"
"2839957","704175"
"1428","529121"
"1268","1663"
"1236","135619"
"135625","712"
"2698737","4762"
"8165","54318"
"186623","42148"
"2182372","9319"
"3573","265240"
"7175","38569"
"4520","4522"
"4564","4565"
"66011","110876"
"24208","34270"
"4210","13378"
"3817","108216"
"1219","59922"
"3497","3498"
"1489940","30858"
"225057","225058"
"4782","1448052"
"8803","8804"
"7002","30252"
"5719","37104"
"1385","90964"
"5338","104366"
"237","239"
"336567","1155754"
"816","818"
"91889","4286"
"8016","8020"
"562","511145"
"184027","62708"
"7164","59189"
"7524","7036"
"36801","214441"
"82365","98923"
"3663","3665"
"290931","290932"
"28901","211968"
"3803","3904"
"8782","9108"
"7711","1294634"
"3318","3337"
"51366","1886796"
"9850","9851"
"234","29459"
"6580","282294"
"2","203691"
"2759","2608109"
"642","651"
"55153","9992"
"105406","309355"
"80424","679630"
"3524","3563"
"1236","2887326"
"9265","126288"
"376919","1812035"
"695564","340055"
"1648923","766760"
"2907102","52285"
"9648","9649"
"7174","707280"
"29077","29078"
"6944","6945"
"7174","7178"
"52831","1167121"
"2795691","269258"
"29506","1049790"
"9186","9187"
"3803","53851"
"85011","2062"
"36751","2483397"
"2830","418919"
"40674","9779"
"4231","4232"
"65556","65557"
"8166","8168"
"204037","1089444"
"4038","4039"
"33554","9632"
"4479","66040"
"766733","45512"
"562","397453"
"7713","32436"
"72549","72550"
"9432","291301"
"9379","42254"
"4211","29715"
"5178","2907102"
"3898","74517"
"1357","1359"
"7128","151546"
"82593","572873"
"1890449","1125"
"85006","85021"
"32390","93006"
"7135","58823"
"9709","9712"
"4070","301914"
"94285","94286"
"10814","180526"
"1574408","9861"
"530174","89099"
"2157","28890"
"13893","13894"
"263714","263715"
"286","294"
"120576","520461"
"4546","154766"
"629","633"
"50557","7399"
"2559587","2732406"
"7711","8782"
"3650","3660"
"2062","2063"
"3603","152274"
"4615","2026107"
"9443","9461"
"629293","41069"
"651137","1643678"
"1129544","1913635"
"4479","62336"
"85004","31953"
"240058","330163"
"28556","95729"
"4642","4650"
"10053","537919"
"4143","4185"
"171","28182"
"1762","670516"
"9122","9123"
"544448","31969"
"4149","255860"
"72117","5352"
"8397","121164"
"16714","13402"
"153864","484760"
"8976","9005"
"27671","59472"
"8929","8930"
"28901","90371"
"9223","1545690"
"37562","240436"
"7438","7451"
"662","55601"
"4119","35884"
"4210","49743"
"6961","50509"
"36751","1129544"
"4783","4787"
"9114","30415"
"8176","72011"
"1386","1402"
"41938","3629"
"1294636","8495"
"2","1869227"
"1396","526970"
"2743726","58316"
"41812","204567"
"190765","310513"
"7415","7416"
"5754","5755"
"9926","9927"
"156152","4150"
"150247","247480"
"85021","99479"
"3398","71240"
"72025","3803"
"7157","53551"
"86974","101699"
"71243","4033"
"53922","126820"
"1866885","1772"
"4479","4510"
"207245","5738"
"83558","115711"
"33362","113102"
"8043","8045"
"2806","31364"
"9183","9186"
"144244","144245"
"13090","81734"
"156152","4163"
"33554","379583"
"3977","138557"
"49237","1631823"
"78381","258322"
"2182372","9321"
"4747","14366"
"287","208963"
"7711","7777"
"5654","5658"
"7935","7936"
"1485","1491"
"5506","78864"
"183075","185191"
"13215","13216"
"190765","120873"
"186801","186802"
"9434","225400"
"469","470"
"8782","8976"
"4210","13730"
"2053","36822"
"2049","1654"
"81953","52201"
"6658","84337"
"2276","266022"
"44164","329934"
"229394","447874"
"10053","100895"
"1208316","232417"
"9394","9395"
"9655","9665"
"121882","230209"
"189214","415159"
"418920","33656"
"33154","6157"
"8016","8022"
"6452","36095"
"10814","220608"
"80864","12916"
"1502","289380"
"2483397","118614"
"2854170","1434014"
"4479","15853"
"112276","197406"
"187857","32069"
"33674","4772"
"662","47951"
"44560","346391"
"66679","66680"
"125862","343929"
"338","456327"
"9738","79784"
"234","29461"
"10128","134909"
"188482","1008370"
"9859","9858"
"1162","1177"
"233284","1313336"
"4892","4893"
"9625","9627"
"4510","29674"
"75739","35082"
"8266","8267"
"704761","1070296"
"5507","42551"
"53158","53160"
"182269","1503040"
"9119","9122"
"5800","471275"
"1851701","1966379"
"3563","169521"
"7952","2743745"
"129337","1422"
"37571","208015"
"172190","332405"
"36294","125282"
"48010","48012"
"3647","3648"
"1890438","47251"
"2732406","2732463"
"64677","1591310"
"54132","54133"
"8500","184234"
"10184","51338"
"1772","246196"
"1585420","121844"
"235899","2795691"
"19013","34245"
"7864","7869"
"4210","13422"
"34622","181088"
"155619","36064"
"7088","7089"
"60136","1525218"
"4479","15303"
"9599","9600"
"9005","9090"
"4136","316257"
"117982","1440469"
"3803","53866"
"1963268","2237"
"7106","134406"
"91347","543"
"7140","7141"
"3831","3832"
"258958","258959"
"4747","38220"
"2743745","75349"
"85006","85023"
"7158","316597"
"9709","9714"
"69278","658602"
"7147","7157"
"6893","93708"
"8070","8071"
"13124","61384"
"8782","8802"
"4185","13728"
"4761","451435"
"72037","6833"
"9989","337664"
"339873","54263"
"506","359336"
"5658","5660"
"30075","30076"
"9895","9961"
"29153","278729"
"2706","37334"
"45682","157662"
"72294","194"
"69720","69721"
"72274","135621"
"1301","1334"
"58068","186990"
"6944","35565"
"8314","339868"
"4688","63788"
"9336","9337"
"39738","12054"
"204457","41297"
"5120","34371"
"8578","34999"
"8111","8206"
"91347","1903409"
"3568","3569"
"190765","663928"
"9498","9520"
"77654","77655"
"3803","3853"
"51299","51300"
"2732548","39738"
"27671","59474"
"41934","23097"
"40093","328864"
"2258","2259"
"337677","36483"
"1678","1684"
"23216","75100"
"186994","188567"
"53246","728062"
"9520","9521"
"670","223926"
"635","67780"
"662","663"
"121588","121589"
"4454","174214"
"6547","6548"
"3705","3708"
"59484","105273"
"7524","33362"
"7164","190376"
"8500","8502"
"9527","9537"
"167916","167917"
"286","587753"
"33789","64146"
"183075","371450"
"55153","1141645"
"41768","41773"
"32390","32391"
"114395","256750"
"4890","147548"
"9443","376918"
"223317","1093962"
"72883","72884"
"5754","5757"
"1580","387344"
"4036","4050"
"9987","483865"
"252611","268290"
"551","552"
"767018","36922"
"62336","183675"
"4479","4512"
"214509","36753"
"13203","59275"
"9307","69267"
"12981","136504"
"184439","184440"
"3656","3657"
"6656","6854"
"1236","135623"
"1489931","8169"
"2060","2061"
"3708","3709"
"1352","525279"
"7197","2746633"
"57382","57401"
"33554","9702"
"37611","247536"
"24942","92929"
"30078","30079"
"55056","55057"
"64663","64676"
"91561","9723"
"3633","34275"
"52123","126866"
"379582","9648"
"337677","10040"
"1161","1892259"
"23066","3801"
"30562","13280"
"1902","100226"
"186994","2603868"
"7149","7150"
"4930","4932"
"3042","3043"
"7214","7215"
"29471","218491"
"64464","290332"
"20400","47065"
"4677","4688"
"37181","155054"
"36609","36610"
"147550","1028384"
"33855","33856"
"6893","450948"
"279311","279312"
"81835","187179"
"45132","55169"
"172278","340896"
"54263","385666"
"109261","62624"
"186463","129788"
"4219","496566"
"7164","112268"
"6757","6760"
"9787","9799"
"1294634","8493"
"8990","8997"
"1224","28216"
"450948","6914"
"3440","3452"
"1760","2037"
"45059","133901"
"8509","8549"
"3846","3847"
"37606","37607"
"31932","338190"
"62624","109461"
"3803","132460"
"42407","56216"
"80864","281915"
"187426","247541"
"3803","3921"
"122277","55208"
"9434","109482"
"74663","78372"
"1358","1360"
"2","200783"
"58068","1536428"
"4479","4554"
"9632","9645"
"1639","169963"
"126745","126746"
"135622","72275"
"339","91612"
"40948","48101"
"1028423","2174073"
"1596","1395514"
"9529","9530"
"33154","6656"
"2854170","245186"
"3980","3981"
"133894","27405"
"6974","303876"
"4210","35934"
"222464","1762015"
"40921","40922"
"8397","192752"
"57247","382670"
"209","210"
"4381","4382"
"183218","1610815"
"7711","7713"
"695564","33413"
"8782","2558200"
"337673","10084"
"9661","9662"
"9126","37611"
"6944","1234546"
"1357","1363"
"1763","1785"
"9126","1002748"
"55512","55513"
"13707","55843"
"23513","37564"
"104366","5320"
"1812035","202457"
"3699","301453"
"4039","79196"
"28901","85569"
"8930","8931"
"200313","200306"
"81882","81883"
"407951","310453"
"2284","2288"
"33639","33640"
"9266","9267"
"4119","89634"
"9989","55153"
"8468","8469"
"33196","87229"
"549779","1242815"
"4185","76375"
"29449","526947"
"46207","46208"
"9689","83386"
"1301","1336"
"9239","92683"
"50557","7524"
"4074","4076"
"243368","243369"
"6564","29159"
"4118","4119"
"85026","2053"
"268499","311902"
"30147","1329925"
"78752","152868"
"9398","9399"
"241806","3268"
"4119","89647"
"91347","1903411"
"94231","152218"
"3568","3571"
"55711","55712"
"620909","98042"
"3700","3727"
"56259","223491"
"54136","122765"
"8936","8937"
"6656","72037"
"2759669","511510"
"24921","13757"
"13394","65558"
"1890424","2881426"
"3995","316874"
"41485","265785"
"4610","1249733"
"4672","55578"
"7869","7870"
"662560","1088130"
"9431","153296"
"5115","5116"
"2726946","452563"
"13390","606275"
"7139","82599"
"36750","36751"
"6656","7540"
"522809","522810"
"3894","206309"
"50557","6961"
"53246","1348393"
"57892","57893"
"9527","9539"
"4055","21472"
"4479","4501"
"2681632","180229"
"49442","59477"
"56688","634157"
"338190","338191"
"8899","110667"
"9126","36256"
"28228","28229"
"4557","91525"
"433","441"
"30446","37577"
"4454","2789653"
"4890","147550"
"1330545","1542666"
"662","678"
"94231","215347"
"629","29484"
"9126","400783"
"33844","33845"
"5052","746128"
"39476","57630"
"49442","196889"
"506","222"
"40552","39538"
"16360","27254"
"703407","46145"
"135447","441713"
"4136","41385"
"3718","3719"
"13426","13427"
"554915","555369"
"33415","13036"
"13730","41653"
"235","1169205"
"222","217203"
"6762","53941"
"549779","985779"
"7147","7214"
"2053","339863"
"10814","222464"
"159061","159062"
"86972","86973"
"33154","4751"
"1903414","583"
"7935","7940"
"6685","133894"
"70799","2027346"
"6893","42208"
"9673","94185"
"118883","2284"
"40749","103528"
"73496","51383"
"8009","8010"
"186801","68295"
"3440","46246"
"33154","6040"
"9401","9402"
"7777","30483"
"263715","263716"
"7088","33415"
"80884","759273"
"3977","212294"
"28895","28896"
"4583","192627"
"1883","146537"
"2886","35120"
"642","644"
"9518","9519"
"252356","444515"
"13163","13164"
"200644","49546"
"10239","2732004"
"6993","7002"
"3398","41768"
"32008","152480"
"5338","5351"
"2070","1851"
"9869","9870"
"5117","34399"
"706776","643112"
"4143","4136"
"32388","32389"
"56741","59035"
"4479","38730"
"28901","1331664"
"200313","1642833"
"5185","40289"
"7509","7511"
"9979","9984"
"186817","1055323"
"3869","3873"
"1300","1357"
"301454","2759669"
"56635","56636"
"8342","218469"
"562","634468"
"3593","83431"
"7157","7180"
"1827","37919"
"51589","634497"
"7540","41361"
"1655","240017"
"223347","270145"
"14366","112603"
"7174","1678250"
"137301","3897"
"3484","3486"
"37818","234031"
"3754","36595"
"4210","13426"
"1883","67369"
"4210","102782"
"160674","54291"
"286","29442"
"336276","2745560"
"287","1279007"
"8561","8565"
"121147","121148"
"6544","6562"
"286","287"
"9406","58083"
"84642","642"
"53714","912614"
"4136","21855"
"3398","3432"
"10059","10060"
"74919","260613"
"3650","3653"
"6236","6301"
"4510","4511"
"32008","292"
"60846","1089726"
"4070","24655"
"30875","214430"
"6656","61985"
"47605","183298"
"29909","38005"
"3727","3728"
"216431","313588"
"3633","47635"
"5658","5664"
"3995","180498"
"4119","89636"
"7201","114594"
"27482","13163"
"584","525369"
"70895","481683"
"5152","5159"
"7073","2755281"
"2692248","3041"
"13749","69266"
"214835","214836"
"55712","192880"
"98005","75806"
"2706","105581"
"9398","9401"
"9486","78454"
"3568","3573"
"7524","30078"
"3700","3729"
"62654","1224"
"9608","9625"
"283734","1266717"
"2767886","1580"
"28725","56782"
"4037","40948"
"6937","570969"
"13105","13106"
"7174","53535"
"4149","255866"
"7215","7227"
"8842","50365"
"7504","267104"
"9726","9738"
"41043","312236"
"28889","183924"
"4776","4777"
"8948","8949"
"10088","10090"
"9527","9528"
"4479","279311"
"51952","51953"
"186817","2675234"
"38530","40385"
"122277","554"
"9895","297284"
"9265","42712"
"7721","62806"
"7215","7240"
"3635","511460"
"5706","5707"
"7088","7135"
"40674","948950"
"2160","2162"
"413497","1159554"
"7419","7420"
"543","544"
"9397","9431"
"7114","320266"
"119487","119488"
"981777","981778"
"226","314275"
"50557","85823"
"7197","7199"
"1502","195103"
"1236","135614"
"446948","946125"
"3648","3649"
"4454","69720"
"613","616"
"337677","82462"
"1350","35783"
"6301","34509"
"3875","271171"
"3630","1312722"
"344861","1225090"
"33413","95259"
"71118","71119"
"91561","9835"
"35493","241806"
"7089","7090"
"4210","122556"
"129912","72045"
"174825","329109"
"4051","4052"
"33154","6029"
"8802","8803"
"9397","1677019"
"216282","472971"
"183924","2266"
"9655","9658"
"40890","49576"
"29449","347834"
"50495","65952"
"71239","3650"
"13122","78901"
"267889","28228"
"45131","35724"
"36668","710235"
"1428","1434"
"82593","704761"
"114380","2272"
"107393","107394"
"376918","9504"
"356","255475"
"28901","605"
"1783275","651137"
"186623","7995"
"9799","9800"
"3297","3394"
"7164","376584"
"29459","224914"
"32033","40323"
"9697","210651"
"28452","1218564"
"51426","51427"
"4762","4776"
"75739","5799"
"1756210","666326"
"212320","283133"
"3977","212309"
"9787","9803"
"325880","325935"
"9850","9859"
"6681","29979"
"2759","554915"
"59817","291603"
"3877","70936"
"8831","8833"
"6683","260257"
"976","200643"
"117887","117879"
"46995","1406308"
"5073","1651864"
"6656","6658"
"26339","58949"
"3624","165710"
"107012","107018"
"3587","46149"
"9469","9470"
"41820","289301"
"50557","27434"
"33154","7586"
"40674","9774"
"195229","333870"
"470","927193"
"7586","7588"
"9401","94117"
"7157","7182"
"76892","75"
"16736","16739"
"6498","6499"
"73496","26339"
"1129","166310"
"9872","9873"
"4070","4107"
"6563","6564"
"573","1049565"
"337677","37026"
"28105","1449788"
"159191","70799"
"3525","3526"
"9498","1532884"
"186822","44249"
"5654","5706"
"46255","1896315"
"2698737","38410"
"551","65700"
"64874","1185558"
"48719","48720"
"282294","549455"
"76594","1348583"
"4119","4120"
"63462","63463"
"32390","178385"
"3071","554065"
"1301","1314"
"492670","326423"
"215160","215161"
"28828","28829"
"41820","179676"
"6695","6696"
"76218","171585"
"695564","13122"
"4210","41549"
"2732463","2732548"
"45478","99825"
"3650","3655"
"30449","52123"
"7147","7392"
"3712","3715"
"6762","6763"
"5052","40380"
"69195","69196"
"15956","15957"
"106263","114230"
"2053","158898"
"1644061","88723"
"34622","1325872"
"5204","155619"
"9498","9513"
"9443","9577"
"4642","4645"
"3699","4018"
"7969","7971"
"52871","241757"
"3803","3846"
"4143","4180"
"2706","37690"
"10066","410297"
"132459","3893"
"4479","200561"
"562","331112"
"2759","2763"
"1903409","551"
"9741","9742"
"3700","3731"
"4149","39249"
"33154","6231"
"2434","375451"
"3394","3395"
"3398","41946"
"6965","70396"
"55153","1048899"
"33652","33653"
"1913637","214506"
"42208","32266"
"2153387","714082"
"97050","89184"
"9789","9796"
"6499","6500"
"31969","186328"
"73020","418966"
"2706","2909989"
"497","728061"
"4890","147541"
"44249","1472"
"3433","13428"
"662","669"
"3526","3527"
"7128","283865"
"128827","1647"
"1643822","1643826"
"632","665028"
"1150","1892252"
"10088","10105"
"145260","145261"
"4747","78858"
"3593","3594"
"13203","59268"
"28216","80840"
"1224","1807140"
"","114055"
"5455","690256"
"1883","52258"
"469","202950"
"8952","100819"
"9005","9030"
"620","621"
"1236","72274"
"135619","135620"
"42148","13488"
"9432","258934"
"3660","3661"
"16360","26319"
"7147","7205"
"40568","989334"
"9533","9536"
"5125","474943"
"1219","59919"
"662","553239"
"337677","10033"
"1046","67575"
"9443","9498"
"9215","2839957"
"94017","243368"
"47605","229543"
"237","96345"
"9363","9367"
"3593","153851"
"7174","1041092"
"9397","30562"
"34630","136141"
"51529","51531"
"4479","15956"
"1644056","695982"
"9677","9678"
"28901","594"
"91561","9850"
"85007","85026"
"51896","1716564"
"1903412","635"
"9895","34868"
"198251","198252"
"37850","6722"
"56018","186965"
"8352","8353"
"59445","59475"
"7100","47766"
"357","358"
"183924","2281"
"41361","41363"
"8256","82365"
"562","1144303"
"176044","523728"
"6103","42823"
"9398","77230"
"40323","40324"
"2732539","10811"
"286","136843"
"2759","33154"
"7128","325907"
"8551","8552"
"194","205"
"329110","653291"
"286104","2749995"
"9126","9133"
"36270","39620"
"326964","706528"
"37026","48005"
"4201","4202"
"562","155864"
"7157","317805"
"155892","190650"
"8689","8728"
"13596","46072"
"32069","64898"
"35082","5806"
"119089","6236"
"24966","43521"
"29547","213849"
"10053","10058"
"9655","204266"
"122399","122400"
"9090","93934"
"28256","332339"
"662560","662561"
"8782","8784"
"6937","69826"
"78168","237848"
"3898","74514"
"13757","97415"
"7952","7953"
"69277","69278"
"3603","105599"
"3803","43365"
"4107","4112"
"6448","216294"
"3587","3588"
"641","51366"
"76594","1348585"
"91561","9892"
"3602","3603"
"4181","4182"
"50557","7504"
"9443","9445"
"9989","29132"
"37026","218799"
"40548","4671"
"46272","928514"
"712","75984"
"629","630"
"689697","1089709"
"45478","99827"
"7028","7029"
"629","33060"
"32535","32536"
"252611","252620"
"15303","81473"
"4479","38413"
"9989","30650"
"7088","115354"
"5114","399129"
"186623","1489907"
"4055","4056"
"13442","13443"
"8113","8126"
"41562","101596"
"89640","693375"
"72171","326968"
"4210","48209"
"9335","9336"
"1526411","8838"
"7042","77156"
"13712","45468"
"7958","7959"
"13426","114280"
"4119","89640"
"10040","144753"
"94185","94186"
"3669","56866"
"3700","3720"
"80865","1537702"
"41945","27065"
"41934","42219"
"2706","171250"
"234","235"
"192752","45438"
"8294","8295"
"23672","151068"
"2063","1894"
"7524","30190"
"1523891","30427"
"4206","4201"
"2812006","84565"
"3524","3615"
"3977","316877"
"122277","29471"
"9989","10139"
"84865","84866"
"4107","742160"
"49546","286104"
"9738","9739"
"4672","55571"
"329110","1273083"
"1743","1744"
"2877","2878"
"562","2802026"
"8252","30942"
"245186","1870901"
"133894","6687"
"54136","54181"
"10139","10140"
"82593","116127"
"1532884","174599"
"31262","55270"
"4932","580240"
"13179","13180"
"3906","1215880"
"9892","86972"
"49546","104264"
"5755","1257118"
"45618","90397"
"2146","2147"
"3629","93801"
"7215","7244"
"214089","300245"
"8295","2511205"
"1150","1892254"
"6683","72876"
"146918","146919"
"7088","7139"
"124132","148313"
"9158","187421"
"7762","7763"
"50557","7088"
"3398","38820"
"7408","288179"
"6964","6965"
"3655","3656"
"55153","64663"
"3629","3640"
"620","623"
"33059","637389"
"13378","13379"
"28901","119912"
"4520","4521"
"4210","41485"
"45131","66735"
"543","561"
"1890426","1129"
"3754","137206"
"30639","10112"
"337677","10035"
"23216","59498"
"7096","7097"
"170","171"
"301914","905076"
"270857","441913"
"446909","446910"
"9895","9903"
"4459","4460"
"5258","106328"
"9674","9675"
"33958","1253"
"816","817"
"8016","8019"
"4875","1921602"
"9307","9329"
"85007","85028"
"51366","51367"
"3663","3664"
"4546","62334"
"6722","27406"
"338","347"
"6993","6995"
"147541","451869"
"355586","355587"
"7037","7038"
"95486","216591"
"6893","34643"
"481683","481685"
"92993","92994"
"2024539","30840"
"27439","50385"
"1418796","1906388"
"1224","28211"
"4640","89151"
"6683","111522"
"22","1386772"
"562","439184"
"4479","87476"
"403667","3602"
"6854","6893"
"3504","38787"
"80764","464929"
"169520","326744"
"649996","1890423"
"28901","588858"
"2910","66802"
"9870","86329"
"28211","54526"
"4479","4549"
"283865","1088304"
"4085","4100"
"82593","393339"
"9554","36229"
"36801","109474"
"7516","7520"
"186803","830"
"9747","9748"
"28901","272989"
"33958","2767886"
"3700","50460"
"28890","183925"
"68933","188786"
"337677","399316"
"10814","223317"
"7140","27541"
"10128","105296"
"41660","945253"
"9399","58060"
"4747","38204"
"103830","103831"
"1644060","1644061"
"681950","5455"
"74132","306559"
"33154","7711"
"413496","1163710"
"1141645","37591"
"7157","43817"
"562","577669"
"255475","182269"
"197","32022"
"107778","357802"
"37818","234037"
"1357","1358"
"13305","13306"
"34622","44386"
"24966","13442"
"56593","56594"
"313588","216432"
"3889","3891"
"6961","6964"
"67575","1708203"
"8487","86974"
"12914","269667"
"36256","45806"
"7088","268499"
"7174","42427"
"9434","257882"
"3913","157791"
"55153","2895727"
"33958","2742598"
"447910","451475"
"629","632"
"392815","60711"
"8782","8920"
"8382","651667"
"2559587","2732405"
"337677","48010"
"202455","685724"
"38944","38945"
"94399","94400"
"93133","2897311"
"278839","4088"
"3731","3732"
"613","104623"
"3629","108353"
"630","34051"
"3487","3493"
"1090112","156173"
"9227","232655"
"9343","120735"
"4441","385388"
"4056","52847"
"3744","3499"
"88694","115870"
"53892","701547"
"8930","36242"
"8006","8015"
"9748","9749"
"3725","109996"
"28901","90370"
"4199","4200"
"4210","43205"
"1161","1162"
"186826","1300"
"7399","7458"
"41937","23513"
"10040","10042"
"61083","61084"
"9803","9806"
"135623","641"
"8293","8314"
"48110","54711"
"133894","6689"
"147550","5592"
"4747","53064"
"56291","188338"
"33554","9673"
"8157","8160"
"7088","7128"
"3468","3469"
"4479","4496"
"623","42897"
"301454","25782"
"63612","343509"
"61153","61156"
"9353","9354"
"4890","147545"
"8206","35729"
"3398","71239"
"4678","4682"
"28108","1004785"
"1866885","1771"
"42414","42416"
"85584","480707"
"125282","182897"
"9807","73337"
"190765","569589"
"28901","2565028"
"3700","98005"
"186329","2146"
"474943","5581"
"7008","7010"
"7157","139055"
"2","84563"
"6447","6448"
"28211","767891"
"9133","1523891"
"408139","1049970"
"620","625"
"4777","467175"
"6936","352063"
"29105","162310"
"8160","8161"
"4185","13659"
"49442","77218"
"1386","1648923"
"2053","2055"
"186817","2837511"
"29607","84613"
"562","668369"
"7402","51529"
"36939","45625"
"338191","2024843"
"10114","69077"
"1827","1833"
"4136","41393"
"9090","9091"
"1129","1353134"
"155619","5338"
"8292","8293"
"316877","316878"
"33882","151262"
"10053","47230"
"7158","299629"
"10066","54110"
"3803","3892"
"126747","228709"
"36291","69509"
"976","1100069"
"26339","26378"
"469","48296"
"3898","3900"
"32434","192463"
"8342","43469"
"53246","28107"
"26378","35876"
"39509","82206"
"9401","1562770"
"6448","6524"
"31213","55035"
"635","636"
"2706","229630"
"24609","33113"
"85610","158814"
"4381","94285"
"79456","79492"
"23097","23109"
"7399","36668"
"1663","1771959"
"40552","13090"
"30095","30096"
"234","29460"
"7114","7115"
"85025","1827"
"22","1386774"
"562","1005501"
"41260","41261"
"34820","160818"
"41943","4027"
"103474","142762"
"7174","707281"
"94231","203262"
"7124","304329"
"3563","169520"
"573","72407"
"7952","2743744"
"8342","8382"
"202950","62977"
"3569","288950"
"3913","87080"
"9903","30521"
"1485","1519"
"63462","276787"
"221678","125369"
"48010","48011"
"40297","30610"
"59070","108546"
"3646","3688"
"8949","8952"
"234","120576"
"1357","44273"
"7140","27543"
"3746","3747"
"4479","4564"
"3465","3468"
"289798","556940"
"4137","405945"
"4747","38206"
"12914","12915"
"9436","27621"
"214506","214509"
"4056","4057"
"3711","51351"
"10066","69078"
"163235","163236"
"9362","9363"
"1301","1307"
"234","444163"
"1386","492670"
"6993","62784"
"7524","27482"
"7143","7145"
"9989","33553"
"21819","241069"
"176601","176602"
"3745","3764"
"4496","146531"
"1489940","8162"
"57401","121387"
"4668","4678"
"7088","51653"
"55080","1465"
"3803","40336"
"8102","8103"
"6681","6683"
"1827","43767"
"10008","10009"
"3803","3826"
"4037","40917"
"1280","93061"
"94326","230707"
"1307","1005041"
"135619","28256"
"7174","42429"
"37888","65612"
"7157","704162"
"629","634"
"110618","1491026"
"1532884","9515"
"189210","189211"
"4056","52836"
"2878","2879"
"47521","47526"
"56259","8963"
"186623","8043"
"1525212","41874"
"91896","99299"
"7157","308736"
"186623","1489911"
"283833","283834"
"104267","1906242"
"2743744","27716"
"36668","13685"
"117202","1389957"
"3044","140095"
"3487","3495"
"543","160674"
"41495","99035"
"4667","41218"
"7150","72529"
"4381","40568"
"8936","56290"
"1028423","1580844"
"9154","9157"
"60136","52598"
"49442","519037"
"6935","6939"
"1386","1390"
"3667","3668"
"9527","591932"
"116172","6675"
"24605","195721"
"2237","28442"
"186817","2675229"
"4346","191528"
"77316","260885"
"3711","386281"
"7482","67767"
"34984","51882"
"444163","568815"
"5114","5117"
"1358","44688"
"3558","66262"
"9533","36227"
"904236","1041117"
"13186","13187"
"7117","1337361"
"7041","7055"
"8500","8501"
"2290931","28890"
"3892","132459"
"1428","412694"
"40948","357848"
"26378","34213"
"237","2654244"
"474943","45234"
"7128","215160"
"9415","9416"
"512392","512393"
"7402","144244"
"86974","101700"
"28108","1004787"
"587658","4142"
"186817","129337"
"7088","7143"
"337677","10026"
"511942","48006"
"7157","139057"
"9415","9429"
"7408","260304"
"581","1912315"
"4650","94328"
"4210","55597"
"1160","598707"
"160513","286705"
"45625","45626"
"135624","84642"
"3754","3760"
"9219","57381"
"7935","7937"
"6236","6243"
"9655","2902005"
"1853222","1853224"
"2053","36823"
"8573","8574"
"44985","51466"
"1883","1888"
"3603","3604"
"1489900","30910"
"36668","13390"
"9681","9682"
"4210","259855"
"7553","71419"
"3803","3894"
"167616","1129165"
"28450","272560"
"7164","44482"
"586","588"
"4210","243761"
"7164","58253"
"1883","58346"
"9780","9782"
"8782","9219"
"33856","33639"
"13122","13123"
"153851","1123916"
"9835","9839"
"695564","56593"
"1131492","5052"
"149459","667564"
"45131","407951"
"4071","4072"
"41946","3792"
"3754","88123"
"13203","99785"
"8111","274692"
"22","1386776"
"96479","145753"
"311902","497515"
"3004","3005"
"6683","72801"
"4479","66017"
"7711","8504"
"2159","145260"
"107012","107013"
"36064","5250"
"1696","31943"
"121069","4782"
"4479","52138"
"4210","42336"
"3869","3870"
"104766","59817"
"642","728059"
"9225","9226"
"174825","332058"
"2284","43080"
"186802","31979"
"403665","24942"
"30190","249411"
"657","38293"
"27254","27257"
"1386","391289"
"41820","177093"
"4747","79027"
"662","314855"
"197","1201032"
"58064","58065"
"38609","9307"
"6544","6546"
"30083","236345"
"49546","216431"
"2147","2148"
"50557","7147"
"4219","35608"
"49800","49801"
"4210","189210"
"4037","4046"
"132460","132461"
"25692","35939"
"9005","1756210"
"1485168","33677"
"1301","1309"
"526524","526525"
"41768","3465"
"8937","170865"
"1883","1930"
"8842","56281"
"3745","3766"
"543","620"
"83484","83485"
"5267","5268"
"3629","108452"
"6451","6452"
"9867","30532"
"4185","76361"
"260304","389684"
"1892254","1198"
"6944","34614"
"3803","3828"
"186623","1489900"
"213849","72294"
"30562","446909"
"30639","70830"
"36459","78828"
"3803","58889"
"36809","1168066"
"204441","2829815"
"50557","30262"
"171","172"
"51466","82017"
"5707","1276585"
"9539","78449"
"226","28108"
"4074","4075"
"24663","304134"
"6937","2877513"
"3487","3497"
"91347","1903410"
"41873","38832"
"6580","6592"
"31989","34008"
"2836","33836"
"3904","3906"
"2611341","5719"
"7164","142887"
"149459","2046962"
"9918","89462"
"33194","40125"
"28056","1865"
"591932","164648"
"9397","9415"
"985782","1128131"
"3744","3745"
"210","999629"
"562","1038927"
"146803","146804"
"4143","26122"
"99479","330834"
"308736","308737"
"71817","121601"
"56740","56741"
"36801","183721"
"2053","89053"
"7968","7969"
"392815","9534"
"2698737","2683628"
"23513","231459"
"3792","23276"
"2157","1783275"
"9850","662560"
"1300","1301"
"7174","667566"
"4890","147549"
"9443","376919"
"9927","101659"
"49669","49666"
"31031","31032"
"3398","71243"
"3629","3633"
"270","274"
"4672","35874"
"82593","84295"
"2","1783270"
"4264","4265"
"1643678","1033996"
"30650","41260"
"58316","58317"
"337677","10028"
"10162","128105"
"46324","110284"
"6961","2510002"
"263964","929486"
"1462","1220595"
"7369","7370"
"8459","8461"
"5800","51314"
"158114","29709"
"9533","167130"
"64663","64677"
"104451","104452"
"3817","3818"
"41363","390858"
"7935","7939"
"28983","33196"
"2854170","74030"
"47521","96925"
"10066","10128"
"7399","52632"
"183218","455045"
"27482","7028"
"530174","655593"
"9989","10066"
"3803","3896"
"338","56448"
"7164","44484"
"1401161","1302862"
"156849","472970"
"41946","3781"
"6893","233283"
"3680","3681"
"49237","163503"
"23109","23110"
"8920","8926"
"9780","9784"
"474942","29909"
"1463229","1463349"
"1696","273384"
"4762","121069"
"2767842","1589"
"7777","7864"
"267890","22"
"252609","46215"
"831","1121131"
"7106","7107"
"23097","23113"
"2732554","549779"
"38413","110886"
"58019","1446380"
"2870","2886"
"4210","121882"
"1177","103690"
"186623","41711"
"4056","126747"
"4085","4093"
"3524","3568"
"352063","176285"
"3166","3042"
"2854170","2433"
"1903410","204037"
"9170","9171"
"190765","1285602"
"28901","28147"
"187179","1698887"
"1428","180856"
"39173","204144"
"13402","32201"
"38611","9342"
"45053","163898"
"171968","171969"
"7117","40089"
"434644","211151"
"8602","55265"
"7408","288227"
"147541","2726947"
"8048","80720"
"958","959"
"6362","41324"
"41324","283775"
"3593","171968"
"4030","4032"
"13190","13191"
"2092","2093"
"157652","40337"
"3629","288308"
"294","216595"
"1464","1477"
"3484","3485"
"1763","1773"
"3440","46984"
"4107","205558"
"35724","35725"
"4210","189212"
"4210","18794"
"10066","69082"
"347","129394"
"379","56730"
"1301","1311"
"209041","209042"
"41980","2020860"
"3629","1050718"
"89456","485440"
"4136","378905"
"3727","29728"
"85006","1268"
"1762","1763"
"2100760","2287"
"4143","156152"
"90964","1279"
"3699","301454"
"4037","40921"
"216294","1345660"
"1783270","1853220"
"2767358","2107"
"10114","10116"
"94326","125261"
"4004","4005"
"1760","85007"
"34619","57047"
"6683","37850"
"9889","9890"
"51538","69319"
"9608","9611"
"7399","7438"
"40677","44164"
"5204","155616"
"4479","160544"
"5338","72117"
"4210","4231"
"1716","92706"
"8533","8535"
"34882","391180"
"34601","34604"
"10053","470139"
"7366","57892"
"8220","163631"
"28211","204455"
"4136","4137"
"50460","82359"
"36753","4873"
"91347","1903412"
"9158","9159"
"30460","371907"
"9681","46841"
"24735","172265"
"562","1101440"
"126838","554055"
"3904","3908"
"3398","41943"
"3398","4036"
"49442","519041"
"4527","4530"
"40929","170843"
"13687","13689"
"588","1157951"
"4667","56740"
"70799","1955803"
"9850","34878"
"9789","9793"
"10088","10089"
"9126","9183"
"1219","167555"
"204037","1914291"
"662","666"
"41820","467355"
"106975","412453"
"264417","264418"
"5738","5739"
"7106","69820"
"119374","119718"
"4496","50455"
"52316","6162"
"82309","82310"
"1060","1062"
"4671","4672"
"30102","139475"
"7182","7183"
"108335","108382"
"8256","8266"
"7055","71817"
"6566","106298"
"91561","9821"
"1224","1553900"
"33958","46255"
"4209","4210"
"7164","59157"
"41945","25692"
"4136","53158"
"69082","248811"
"388978","634021"
"2092","2767358"
"613","615"
"2","1783272"
"9237","79643"
"104264","2745558"
"4210","647688"
"2263","35749"
"8045","8059"
"10066","13150"
"186623","2024539"
"1307779","46091"
"4037","43070"
"99568","251764"
"9709","693430"
"441","38307"
"3481","3484"
"40674","9263"
"9126","81882"
"4210","174462"
"9363","9364"
"4107","109975"
"9892","9893"
"23672","128016"
"1865","442459"
"463826","463827"
"2759","2611352"
"85009","31957"
"13280","187003"
"7147","41042"
"113102","113103"
"50495","65951"
"56487","68808"
"75","155892"
"2743709","7954"
"28450","1249473"
"6974","6977"
"2283794","28890"
"3803","3898"
"40674","9397"
"12914","315461"
"5338","5339"
"1883","29303"
"9831","9832"
"4185","141291"
"2879","2880"
"8782","9223"
"3801","78511"
"28901","108619"
"5683","1503871"
"37611","40156"
"51105","27922"
"1396","1053197"
"9379","62288"
"10040","42520"
"7106","7109"
"2","2355"
"413496","1888169"
"337677","44233"
"52902","52903"
"7118","7119"
"40156","40157"
"1117","1890424"
"1313","373153"
"58949","82528"
"4479","4544"
"8831","8832"
"4145","4146"
"6656","6657"
"1716","38305"
"2732405","2732459"
"54571","953739"
"8048","8049"
"6821","36939"
"95486","331272"
"169209","169210"
"3683","3684"
"7399","124286"
"174825","704160"
"4479","4557"
"3684","159428"
"2732004","2732007"
"8963","8964"
"4479","45618"
"8165","8166"
"9821","41425"
"203691","203692"
"9717","39089"
"49792","49793"
"3398","16360"
"4613","4614"
"27609","27610"
"41820","469759"
"9030","9031"
"34008","34009"
"33882","199592"
"1428","339854"
"49546","252356"
"51218","51220"
"9498","9486"
"76594","1348582"
"245186","1055158"
"7423","32388"
"109170","205481"
"91561","9889"
"9431","9432"
"1644061","63742"
"55153","45478"
"1301","1313"
"4640","46838"
"573","574"
"3629","108335"
"9376","269270"
"1663","1665"
"4454","4459"
"56688","1089735"
"26867","39414"
"23216","75066"
"6592","186447"
"183084","183085"
"27921","51105"
"34625","176092"
"4575","4577"
"3700","264417"
"766764","766733"
"20400","83862"
"6525","6526"
"3896","200492"
"6964","342750"
"1760","85009"
"3398","16736"
"23216","75079"
"9681","13124"
"9312","9322"
"186802","186804"
"2706","43166"
"5052","63131"
"4747","228483"
"30083","355586"
"1783275","28889"
"2603868","584996"
"28211","204457"
"38832","38833"
"70381","229394"
"337677","29120"
"3749","283210"
"4479","15324"
"1804623","3561"
"34625","266040"
"581","582"
"3041","75966"
"9504","9505"
"3629","65556"
"29120","48008"
"393339","1370839"
"3398","41945"
"66011","314391"
"641","511678"
"30562","461397"
"2743745","7958"
"54057","395889"
"4549","4550"
"33415","33416"
"4107","28526"
"210","585535"
"7402","58732"
"7060","7061"
"9527","9529"
"544","1896336"
"2706","64884"
"21910","167916"
"3337","58042"
"41811","41812"
"2836","33853"
"4055","24966"
"33554","9681"
"10814","223259"
"27926","458315"
"97379","2021366"
"16900","16901"
"9703","9704"
"4119","129209"
"530177","530178"
"7524","36161"
"8045","8048"
"413503","1159491"
"31022","31031"
"3356","3357"
"8509","34984"
"169461","169462"
"10814","44560"
"2259","2263"
"1033978","1036719"
"2918","139025"
"165695","2021637"
"28725","2821309"
"3041","1524962"
"2706","159033"
"36048","59557"
"5598","5599"
"2675229","1478"
"357317","402375"
"233861","27674"
"1129","255252"
"2132","47834"
"8174","8175"
"2759","2611341"
"1260114","5778"
"215327","215328"
"8342","685122"
"49546","52959"
"301454","1470343"
"66802","2918"
"1386","293387"
"8111","30871"
"7870","30516"
"158020","453440"
"9600","9602"
"26122","26254"
"8459","8465"
"3629","82389"
"418951","424538"
"9681","32535"
"3803","3887"
"10066","34857"
"1903414","586"
"70378","70384"
"2611352","33682"
"186804","1870884"
"5268","5269"
"44985","82024"
"85007","85025"
"4201","57008"
"81852","1350"
"36668","72766"
"1002748","135447"
"6996","6997"
"39502","326070"
"4074","35625"
"451480","451481"
"190765","644619"
"53866","1833945"
"8515","51218"
"28221","29"
"9224","114431"
"7952","2743726"
"4873","4874"
"106218","6566"
"9373","182676"
"51894","129333"
"9539","40843"
"2315723","6451"
"258866","258867"
"613","61652"
"4070","323105"
"7100","79498"
"5073","36655"
"139055","325429"
"7150","7154"
"573","1384549"
"58732","58733"
"1279","1288"
"4107","45843"
"4454","78381"
"281063","1564034"
"4479","4546"
"544","546"
"1582","543734"
"59817","291604"
"29083","37190"
"189212","415160"
"554915","555280"
"9655","34881"
"8314","8315"
"4085","4097"
"6964","185824"
"1117","1118"
"3593","983927"
"2511205","215237"
"35493","3296"
"3646","3683"
"4677","59070"
"1783270","976"
"82115","379"
"47766","47767"
"51654","51655"
"52517","52518"
"1763","1764"
"5332","58368"
"147548","5178"
"7197","59270"
"4274","4275"
"2759","3193"
"70447","1486918"
"258862","242384"
"156152","90643"
"118883","41980"
"1963271","56688"
"1563998","1563999"
"71239","3680"
"1301","1302"
"106107","106108"
"9379","62895"
"4053","44586"
"34374","5021"
"34868","34869"
"9376","9377"
"7197","13203"
"1491026","1491455"
"4107","4111"
"4747","38214"
"76594","1348584"
"40948","46362"
"6101","6103"
"33958","2759736"
"9431","9434"
"52847","62097"
"3629","108337"
"27482","13261"
"1663","1667"
"54860","391288"
"9205","30446"
"29120","37017"
"9486","9491"
"10981","205895"
"30541","30543"
"3917","138955"
"3869","53234"
"4056","52831"
"695564","691654"
"3712","3716"
"9989","30649"
"4037","40925"
"9376","36801"
"50557","7516"
"40674","38609"
"1653","1716"
"6961","70895"
"10053","29092"
"2284","674516"
"1817","1824"
"34371","184027"
"1760","85011"
"2681631","1260114"
"32266","1686703"
"338","29446"
"5739","5740"
"133894","161923"
"4085","278839"
"4210","4235"
"695564","319798"
"1117","2881377"
"9434","9435"
"3398","41934"
"9903","9913"
"7215","7217"
"33154","6340"
"337677","29122"
"133894","71412"
"3684","78168"
"3440","22868"
"1314","198466"
"10028","10029"
"34857","337584"
"8952","56350"
"32436","107393"
"72876","95601"
"29077","59452"
"74925","260622"
"2759736","47715"
"8382","8383"
"3883","33129"
"200644","2762318"
"562","376725"
"105180","105181"
"4527","4534"
"4546","4547"
"52959","2745563"
"1002748","158617"
"41711","8012"
"39095","74361"
"34622","1134476"
"42407","105150"
"54304","1160"
"562","511693"
"7458","7459"
"29979","37810"
"30454","30455"
"9364","9365"
"328864","355207"
"9688","9691"
"4678","4679"
"303876","303877"
"591932","591934"
"9171","9172"
"48736","1310165"
"4441","4443"
"71495","1522362"
"8033","8040"
"543","547"
"265576","49236"
"563843","146918"
"32008","28095"
"4216","4217"
"2881426","2881427"
"620","622"
"7164","59161"
"651667","8386"
"390858","1091549"
"4210","183084"
"32008","337"
"9126","43148"
"3754","3755"
"34630","426455"
"85823","46569"
"2169681","254524"
"10066","41262"
"10114","69074"
"2864","2910"
"27482","69195"
"8917","107376"
"200783","187857"
"4520","480553"
"2698737","35675"
"231459","231460"
"13273","13274"
"3803","3889"
"4631","328783"
"9655","9661"
"9437","9438"
"3754","114937"
"579","580"
"549779","1191197"
"8782","9214"
"8509","8530"
"9397","186994"
"13118","155013"
"7174","1806176"
"1049651","6972"
"40829","40830"
"87476","87477"
"338","346"
"7175","42434"
"53551","2153043"
"40552","4685"
"190765","909054"
"121572","121573"
"4071","33114"
"6231","119089"
"9527","9573"
"6944","59655"
"451869","45131"
"27621","27622"
"30078","236680"
"34883","34884"
"329934","328425"
"8572","51875"
"7164","221566"
"3558","3559"
"1279","1290"
"3474","24735"
"9870","86328"
"1866885","1810"
"28641","65598"
"81707","339810"
"4107","856887"
"5654","5683"
"13346","13347"
"562","2072463"
"9319","1496120"
"4678","35875"
"9239","9240"
"1294634","1294636"
"8952","8954"
"644","380703"
"45317","45318"
"9224","176044"
"9870","191431"
"26867","197796"
"129912","30908"
"52831","1617259"
"5178","2793945"
"27609","90246"
"156152","90645"
"161934","3555"
"4501","52147"
"3822","3823"
"1301","1304"
"9357","27675"
"4672","4673"
"7524","27479"
"4210","1478145"
"2053040","2059211"
"9373","9374"
"9376","9379"
"49546","363408"
"8782","8906"
"4107","4113"
"4235","75948"
"4210","41660"
"4609","46324"
"30262","45053"
"2237","1542011"
"9774","9775"
"286","1569867"
"8353","8355"
"1883","1938"
"639021","2528436"
"28901","593905"
"9307","2182372"
"392815","60710"
"40674","9443"
"4581","58168"
"4185","76369"
"7157","174825"
"33789","413233"
"710235","613905"
"248898","248899"
"80764","307492"
"40674","38611"
"34622","1027255"
"19955","13492"
"8976","8990"
"18794","189247"
"4210","43191"
"544","35703"
"91778","285011"
"283775","385425"
"1404","1006007"
"69082","425033"
"45478","45480"
"9903","9915"
"6935","6936"
"7514","7515"
"9446","9447"
"4275","375124"
"7088","7114"
"2828","2829"
"13203","2849059"
"1655514","198251"
"5339","5340"
"56688","35743"
"50509","481682"
"82593","104451"
"108335","108362"
"186826","33958"
"9397","58055"
"3500","3501"
"573","1205678"
"4527","4536"
"34021","537021"
"641","657"
"8165","283033"
"5455","80884"
"469","40214"
"7088","37571"
"206351","1499392"
"2433","2434"
"3296","3297"
"378855","9518"
"41549","41550"
"10066","186473"
"81883","123377"
"816","371601"
"8782","8948"
"4479","281063"
"3398","91883"
"3573","1045115"
"4678","4681"
"13596","178760"
"2287","273057"
"115353","2676326"
"7199","252607"
"9789","1114792"
"2","32066"
"3699","3700"
"7157","46207"
"8399","51331"
"171549","511434"
"620","624"
"370545","370546"
"69277","68287"
"286","53409"
"40917","40919"
"4614","4615"
"104264","2749994"
"9401","143291"
"162484","5258"
"13203","13204"
"4345","4346"
"3729","203579"
"28901","149539"
"544","67825"
"5115","187221"
"265","59779"
"258842","549403"
"7041","195229"
"3883","3884"
"163860","163861"
"7158","299628"
"6683","6757"
"573","484021"
"33836","265576"
"848","851"
"7164","1518534"
"3745","36609"
"3898","3899"
"5338","5332"
"32390","51543"
"3041","1035538"
"36751","4875"
"3754","102107"
"44191","44196"
"562","1005487"
"186817","150247"
"325907","325909"
"6566","186466"
"9379","62281"
"9835","9836"
"104267","2745565"
"6683","6770"
"75966","35460"
"55153","13712"
"7055","72549"
"21880","28513"
"2132","2134"
"22","1386773"
"8254","8255"
"29979","41116"
"13090","1035810"
"9895","907740"
"171","301541"
"4479","300124"
"52376","55832"
"3620","3621"
"110618","5506"
"3853","3859"
"3398","4447"
"40420","13562"
"99299","99300"
"73496","4747"
"49442","169756"
"7157","7174"
"8578","46272"
"2558200","56259"
"3990","212310"
"33656","33658"
"5338","862241"
"2759736","1597"
"95729","183478"
"82593","1563998"
"85991","331635"
"33259","6264"
"9895","9933"
"4107","215581"
"69509","69510"
"252532","252533"
"8789","8790"
"7174","308713"
"437487","437488"
"3711","51350"
"7147","7371"
"103830","271217"
"470","1217645"
"26339","49747"
"4953","4954"
"41711","30955"
"3699","3647"
"213483","958"
"41946","23066"
"91561","9895"
"9338","29138"
"35729","36198"
"2676326","2676327"
"13145","13146"
"7158","503349"
"38605","9265"
"124916","317811"
"3803","77316"
"5121","693891"
"215328","215329"
"3744","3487"
"810","83554"
"7090","7092"
"41937","4011"
"28901","59204"
"76071","88694"
"234","52132"
"6683","6704"
"34881","34882"
"8526","8527"
"3744","3608"
"3764","137000"
"33362","195882"
"6939","34630"
"6656","50557"
"1090112","156174"
"1804623","3554"
"9431","258958"
"52831","206227"
"66735","280322"
"48736","329"
"56688","1158105"
"73496","4668"
"53246","53249"
"72293","209"
"80424","120015"
"59041","180152"
"3398","41938"
"129337","1462"
"4206","4204"
"41820","58271"
"7625","31184"
"7174","545656"
"4747","125146"
"41945","19955"
"706776","102981"
"27482","40931"
"28890","183968"
"352063","1478107"
"28683","13745"
"44249","1464"
"7055","7060"
"7088","82593"
"35120","105406"
"4479","4605"
"7174","260110"
"33882","104336"
"9533","36226"
"4527","4538"
"227508","9357"
"3754","42229"
"34622","1155004"
"196978","295919"
"6447","6544"
"53246","161398"
"77043","77044"
"186623","32446"
"2237","244363"
"108335","108377"
"34984","51894"
"1644061","121871"
"49546","104267"
"237","2654243"
"80840","506"
"948951","9359"
"30451","30454"
"3629","3630"
"1647","1648"
"1358","272623"
"432027","1670439"
"3193","35493"
"135614","32033"
"6656","6960"
"1385","186820"
"7003","7004"
"5506","48865"
"629","263819"
"7147","7197"
"450948","2585208"
"55962","282542"
"9688","29064"
"124286","124287"
"10043","10044"
"4777","4783"
"28216","206351"
"92929","149347"
"3655","3659"
"114230","335854"
"9741","27614"
"9702","29083"
"72025","4274"
"7402","32390"
"39249","90363"
"2877","142642"
"83431","176265"
"8399","8407"
"8830","8859"
"21472","52517"
"58062","77214"
"23672","289798"
"6942","375577"
"549455","549457"
"1783257","204428"
"4626","4627"
"343454","343455"
"6937","265619"
"72766","72781"
"8798","8799"
"41820","908885"
"33958","1243"
"36668","83484"
"147550","5151"
"1061","1414586"
"56488","56489"
"9377","9378"
"319798","1510228"
"3828","3829"
"8782","9205"
"38190","153603"
"360966","360967"
"4672","29710"
"52138","52139"
"48867","51337"
"20025","478095"
"28141","1138308"
"4668","44988"
"40674","9392"
"41574","244311"
"7055","207264"
"586","587"
"4747","37818"
"712","2094023"
"9527","9564"
"34619","543639"
"9499","9502"
"4747","45173"
"1463229","1463346"
"10128","54292"
"6341","6362"
"93758","210143"
"3433","3434"
"92860","34374"
"34634","109261"
"6906","1522684"
"3681","662553"
"40953","40954"
"210651","210652"
"28556","5502"
"4479","4539"
"6833","121147"
"5740","5741"
"9126","36294"
"7164","7166"
"33362","108930"
"194","197"
"22","1386775"
"3633","34289"
"4085","4090"
"33554","9608"
"651137","31932"
"40674","33554"
"3990","65559"
"7711","117565"
"472706","472707"
"9406","9408"
"3564","1053327"
"28901","98360"
"93708","328378"
"259855","82755"
"51875","51876"
"9979","9980"
"118883","2100760"
"38293","85581"
"8383","8384"
"4056","126757"
"4668","82224"
"2743726","51137"
"26378","203638"
"4033","4034"
"635","1821960"
"458315","458486"
"4056","21199"
"543","83654"
"190765","228917"
"3603","2599121"
"4070","4101"
"1883","1916"
"2762318","34084"
"4209","4381"
"7953","40829"
"9895","9935"
"3571","3572"
"204429","51291"
"337677","10080"
"9498","9481"
"10117","239728"
"186623","129912"
"6340","6341"
"286","29438"
"28901","340188"
"27679","39432"
"1301","1308"
"28901","90105"
"109384","5566"
"214506","36750"
"44353","63429"
"2881427","2881428"
"1643826","84111"
"6944","34613"
"5114","767018"
"1280","93062"
"213849","72293"
"2675234","1445"
"3434","3435"
"50557","7509"
"1760","85004"
"6939","34619"
"562","83333"
"2683628","2699528"
"2759","2692248"
"216851","853"
"6237","6239"
"34630","72859"
"34826","34827"
"28556","33194"
"9312","9317"
"810","83556"
"3563","1851701"
"10184","10185"
"7128","283833"
"66735","66738"
"9903","9906"
"2585208","2585209"
"2821309","30423"
"7524","1585420"
"53246","1678126"
"201174","1760"
"100370","323030"
"237","996"
"124426","1159556"
"9702","34883"
"3700","3725"
"22","24"
"6942","6943"
"28450","884204"
"2706","55188"
"6705","6707"
"58068","334201"
"49442","519038"
"8509","8602"
"174181","174182"
"145636","145637"
"7158","37951"
"9373","106105"
"4583","4543"
"4305","4306"
"3803","271790"
"38609","38624"
"5598","156630"
"218102","124132"
"62806","62808"
"1033997","497726"
"28641","30194"
"147549","5185"
"4036","4037"
"9533","36228"
"4136","21880"
"65619","65620"
"4210","13464"
"27353","27354"
"7139","29054"
"33554","9676"
"5351","50966"
"3629","47605"
"186802","216572"
"30458","30459"
"36922","1303515"
"34630","34631"
"243501","336567"
"31022","31026"
"237","2654245"
"6893","134569"
"9443","9479"
"8854","8855"
"714","668336"
"186623","7952"
"6913","156849"
"3629","96479"
"4672","1238140"
"23216","211815"
"3398","3699"
"8911","35669"
"9436","258862"
"1385","186822"
"4504","4505"
"1141645","9999"
"4034","519149"
"46569","60587"
"8072","30790"
"55153","226684"
"10066","10114"
"91561","9831"
"309512","215813"
"4042","4043"
"254424","254426"
"124287","185587"
"1363","420890"
"5598","160389"
"662","29497"
"1903414","581"
"38204","342001"
"28901","57743"
"2732423","2732538"
"7997","7998"
"91061","1385"
"10040","99538"
"153296","153297"
"7199","7200"
"1351","1157397"
"3990","212864"
"317","1104681"
"188787","68933"
"338","339"
"320266","320267"
"1428","1430"
"12914","315458"
"586","589"
"8927","8928"
"2759","3041"
"359336","658611"
"85025","1817"
"2053","410332"
"6448","71495"
"93758","210145"
"542827","61622"
"8465","8466"
"4136","587658"
"13745","13746"
"338","56460"
"4027","4030"
"36291","125862"
"1279","1283"
"1313347","2059498"
"4071","4073"
"3656","1120798"
"1050718","2059503"
"51291","809"
"544","1676276"
"4479","4541"
"69697","158020"
"3398","4209"
"7164","7168"
"7174","162998"
"3603","103352"
"96479","145754"
"798297","866555"
"1485","1509"
"286705","286706"
"203692","1643688"
"6936","6937"
"6939","6942"
"24921","1895897"
"9126","28725"
"4479","80368"
"268499","437487"
"3684","159425"
"81707","339816"
"63477","1620147"
"41702","41703"
"5052","41047"
"4070","103474"
"228563","228564"
"147541","2726946"
"337677","10069"
"4557","4558"
"59728","59729"
"102782","886939"
"267893","1510937"
"34008","1564506"
"1903410","122277"
"3803","45682"
"135622","267889"
"4030","4031"
"5250","125628"
"85010","2070"
"7100","254717"
"724","727"
"13728","32198"
"547","1676277"
"1783272","544448"
"41703","329032"
"47081","47083"
"186623","7899"
"7933","7934"
"3745","3754"
"7135","7136"
"3398","3646"
"3826","3827"
"30102","94399"
"109170","205478"
"4747","152869"
"141751","194506"
"39509","386106"
"119825","30541"
"5178","28983"
"1129","32051"
"7096","1418796"
"1883","1931"
"34630","6941"
"506","517"
"851","393480"
"36922","54899"
"9431","233861"
"3700","3701"
"2100760","2286"
"6944","34615"
"6683","6695"
"9604","9599"
"41944","3934"
"4294","4295"
"10114","10115"
"33882","82380"
"70124","3721"
"1760","85006"
"6695","117982"
"1282","176279"
"13488","13489"
"1423","535026"
"4630","4631"
"9431","59484"
"7163","1214271"
"72033","72034"
"10046","298886"
"810","83558"
"94231","94232"
"3563","3564"
"35675","54409"
"84295","84293"
"32008","95486"
"809","810"
"26339","58987"
"1224","29547"
"8071","8072"
"3398","4143"
"3990","37495"
"1804623","3558"
"3898","97047"
"3803","53884"
"33415","76218"
"9702","34885"
"4143","91896"
"252610","195533"
"9784","9785"
"4235","4236"
"1553900","213481"
"41945","3623"
"452342","40420"
"4527","4529"
"9434","159337"
"1218","1220"
"126269","126270"
"23513","2706"
"49236","49237"
"190893","909421"
"9851","9852"
"2698737","2864"
"4163","49450"
"8830","50366"
"12929","152276"
"4210","41574"
"9394","37347"
"45131","45132"
"89151","214693"
"9481","1965096"
"82599","82600"
"562","199310"
"1060","1061"
"3701","81970"
"30648","48867"
"147548","5120"
"8842","8847"
"328320","74925"
"1125","1126"
"66017","66018"
"186466","6573"
"2235","1963268"
"2259","2260"
"33958","46254"
"5455","474922"
"7197","252611"
"74030","314263"
"3398","91889"
"6101","40677"
"39249","46031"
"3650","64231"
"15324","29661"
"389761","389823"
"1518149","280483"
"3703","3704"
"658124","2828"
"4045","941588"
"53171","168825"
"34509","51029"
"4747","79446"
"562","1045010"
"175693","175694"
"2881426","1218"
"5506","36050"
"3536","3540"
"8007","8008"
"314275","1004786"
"5073","1343417"
"55597","68299"
"30190","40929"
"8059","8060"
"121164","45623"
"4185","175693"
"2683628","33651"
"1408","315750"
"208015","208016"
"10239","2559587"
"168630","168631"
"15303","114194"
"171","408139"
"2699528","33674"
"54409","44055"
"12914","315460"
"9787","9788"
"13444","45005"
"9852","9853"
"658125","658124"
"9592","499232"
"8465","8468"
"2767842","1590"
"166751","203314"
"356","118882"
"7106","7108"
"28901","192955"
"3593","106975"
"267889","1518149"
"28065","2184758"
"155619","452342"
"4107","45840"
"48558","318829"
"1322061","199337"
"547","61645"
"8689","42188"
"337664","53274"
"9392","9393"
"8565","2116494"
"497726","1034015"
"562","1211845"
"161939","2058948"
"342750","451468"
"8509","66056"
"6939","6944"
"53884","459863"
"51882","51883"
"40749","103544"
"269270","269271"
"3671","3673"
"7164","46955"
"9415","27662"
"9394","246437"
"75","78"
"7157","317801"
"9461","9469"
"186822","55080"
"9895","9926"
"4747","38198"
"590","28901"
"4557","4560"
"85007","1653"
"4040","4041"
"267893","1510939"
"9126","626425"
"7158","53539"
"10140","10144"
"8180","13105"
"511434","511435"
"7115","64459"
"8689","110215"
"8070","215327"
"9401","328804"
"66040","158163"
"4546","15819"
"7215","198719"
"80368","80369"
"7995","7996"
"1359","2816960"
"4235","75943"
"3656","357961"
"4107","267265"
"41820","2726158"
"10814","333675"
"4070","52871"
"9486","9488"
"28447","33013"
"9850","163860"
"2174073","124036"
"3700","3703"
"4210","4219"
"712","745"
"37810","13346"
"5073","5082"
"3712","3713"
"9434","51298"
"3803","3831"
"1764","1074454"
"15437","28909"
"10114","10117"
"1760","85008"
"52632","270857"
"155619","56487"
"4627","4628"
"4210","56018"
"8799","8800"
"7100","7106"
"28901","286783"
"2131","2132"
"186802","186803"
"255866","255867"
"50385","50389"
"3398","72025"
"53246","288"
"1654","1655"
"7953","7961"
"9393","9394"
"976","117743"
"7713","7720"
"28229","167879"
"226","232"
"3524","1804623"
"4180","4181"
"5320","5322"
"49743","50225"
"8931","8932"
"562","244319"
"73020","418951"
"108335","108357"
"1644055","1963271"
"163631","1156088"
"5502","671092"
"8459","34907"
"3398","41944"
"78532","78534"
"46145","89079"
"1061","272942"
"134396","236803"
"13464","268023"
"9839","9844"
"9364","1052165"
"4204","237951"
"6893","243501"
"13749","13750"
"5592","1028423"
"88028","88029"
"4747","163059"
"8937","1977157"
"2157","2283794"
"4672","569628"
"42407","105147"
"109170","109171"
"9793","582580"
"6893","81835"
"31979","1485"
"2899683","629293"
"3398","403667"
"55056","174822"
"6580","55711"
"9928","9929"
"7100","254424"
"3581","3582"
"3646","3977"
"7157","174620"
"1582","1215914"
"7147","7190"
"147271","313893"
"4479","147271"
"49546","336276"
"8842","8849"
"4295","185542"
"127358","1080318"
"7996","50384"
"286","251701"
"1489940","119486"
"1198","1378061"
"339","340"
"9436","258866"
"9443","9604"
"8830","8852"
"543","1330545"
"7174","100678"
"3615","76024"
"9432","441364"
"3624","165200"
"3268","29607"
"36242","177155"
"1817","37326"
"4119","264526"
"9307","9312"
"8466","8467"
"9539","90387"
"9650","9651"
"4101","4102"
"7174","943103"
"46841","32538"
"10880","10981"
"21199","113195"
"9665","9666"
"29054","437486"
"4695","4696"
"41042","41043"
"8940","57382"
"147545","5042"
"4772","1907177"
"40925","264540"
"6854","34634"
"104264","1942464"
"30759","443805"
"12914","518068"
"6833","163235"
"61863","61864"
"1644056","60846"
"171","29506"
"37989","106263"
"1489911","8113"
"8572","51859"
"347","1313303"
"1463229","1463231"
"34984","37579"
"13562","207833"
"300124","300125"
"9506","9511"
"89184","246200"
"18794","76276"
"9527","9570"
"562","1392869"
"3633","34282"
"1129544","588596"
"14366","28471"
"4076","239686"
"56782","56783"
"27482","80764"
"4554","192628"
"7215","7282"
"30252","65742"
"63462","184271"
"1239","186801"
"35732","1167227"
"2276","121277"
"34622","2794277"
"24663","300354"
"31989","1060"
"4085","4096"
"1485","1513"
"9454","9455"
"24663","126903"
"399316","30635"
"1677019","258842"
"23222","36599"
"73496","44985"
"13516","103754"
"13422","41568"
"41820","469747"
"3745","23222"
"9895","9928"
"1870884","1496"
"13428","128608"
"4210","19013"
"4037","4038"
"36094","42344"
"7147","7366"
"7158","53541"
"9431","51299"
"135622","267893"
"9223","35549"
"3563","221784"
"9922","9923"
"7215","193352"
"72034","72035"
"9653","9654"
"1280412","75739"
"2732416","2732423"
"4437","46093"
"32033","338"
"4056","52817"
"4210","176612"
"7139","85584"
"3554","161934"
"28890","1051663"
"9992","9995"
"3803","3820"
"242383","478698"
"3803","553691"
"5653","2704949"
"8292","8342"
"1783272","1239"
"3990","212910"
"647688","190260"
"562","1206746"
"9486","9490"
"41938","39987"
"158091","217170"
"3700","180539"
"37562","158175"
"4107","119830"
"3700","3705"
"4210","4221"
"9989","30648"
"83557","227941"
"65620","69259"
"49237","1290580"
"85584","85585"
"10114","10119"
"1817","1823"
"1760","85010"
"75349","75350"
"6939","34625"
"77236","77243"
"2732424","2732539"
"7041","27439"
"9431","59488"
"3700","3718"
"1525212","70447"
"33154","6447"
"8530","8533"
"13562","13563"
"1279","283734"
"34601","1442166"
"447134","527686"
"34397","124426"
"8342","8418"
"28211","204458"
"3906","3907"
"4930","114524"
"9726","9727"
"3540","146096"
"4747","123155"
"117565","7761"
"82462","870526"
"28890","183963"
"1408","1189615"
"34630","34611"
"562","1137135"
"2706","1084239"
"4642","188487"
"52959","2745562"
"4144","24208"
"157540","218840"
"3524","620909"
"45234","43265"
"3398","4618"
"33682","5653"
"562","991913"
"7402","7405"
"28450","557724"
"3803","1094731"
"4085","118703"
"419944","1035838"
"2706","2711"
"1351","226185"
"29083","29084"
"58416","1045356"
"3746","57918"
"1055323","1872391"
"40156","414889"
"5800","5802"
"9688","9690"
"9534","101841"
"8293","30365"
"28556","28557"
"31957","1912216"
"4441","4442"
"23276","29777"
"32","34"
"36801","167043"
"2266","2267"
"4893","4953"
"3917","3920"
"9681","146712"
"1239990","626958"
"1448052","1489738"
"562","469008"
"200561","200562"
"4508","4509"
"2893042","689697"
"3514","13450"
"242978","241820"
"8830","8854"
"418967","1090112"
"9789","89248"
"96925","981777"
"3803","3875"
"7524","160513"
"4046","4047"
"5159","61193"
"108054","108055"
"1827","1829"
"35426","35429"
"104264","76594"
"36668","27492"
"948950","227508"
"3524","703407"
"197","1357994"
"9133","9134"
"10053","64717"
"125282","125283"
"8830","8867"
"2837485","79879"
"9665","9668"
"13036","13037"
"70447","70448"
"84844","84847"
"241819","242978"
"9727","9728"
"7371","45449"
"1578","1596"
"69078","1542950"
"6893","27394"
"185824","185825"
"9608","55039"
"1334","119602"
"8342","8352"
"32008","57975"
"3764","74647"
"8252","171414"
"9265","9266"
"1434014","2024994"
"41820","1819548"
"375288","823"
"204969","13735"
"2","62654"
"41937","23672"
"141291","141292"
"4583","173841"
"469","70347"
"3499","344861"
"3440","3445"
"4107","205524"
"4265","59895"
"1485","1502"
"58068","188569"
"7393","7398"
"1573","28447"
"7157","7158"
"4479","66011"
"337677","10049"
"8487","74919"
"9668","9669"
"7215","7284"
"8028","8030"
"30252","103651"
"3746","101007"
"151303","238572"
"46093","70371"
"7140","106494"
"424538","13221"
"102786","192012"
"5506","5518"
"9443","9527"
"3749","106566"
"2881377","1890438"
"26319","55495"
"9005","9072"
"7158","149531"
"3803","76708"
"1637","1960103"
"1883","1911"
"3982","3983"
"68874","68875"
"3745","23224"
"138072","572265"
"4306","4309"
"7182","933869"
"412453","412454"
"5125","5129"
"3801","175228"
"9823","9825"
"49647","170922"
"97321","151421"
"56259","30396"
"4210","176601"
"4037","4040"
"8835","75857"
"70895","79456"
"1301","1303"
"9922","9925"
"269258","387092"
"8800","8801"
"33154","6073"
"50966","181985"
"3646","24921"
"8220","166751"
"7088","40093"
"1637","1639"
"3877","3879"
"9598","37010"
"9697","9699"
"29120","137207"
"50190","50192"
"4235","75947"
"6961","6962"
"58823","58824"
"3803","3822"
"53274","53275"
"9604","9592"
"10053","88450"
"107376","107377"
"1428","1261129"
"1280","426430"
"9537","9538"
"35493","58024"
"3650","102210"
"468","497"
"10066","10067"
"8906","8917"
"447910","451473"
"288308","458529"
"4747","59331"
"37874","796700"
"4210","434644"
"28901","59201"
"35493","47299"
"9604","9605"
"2272","56635"
"13492","13493"
"80764","307491"
"49237","49240"
"4637","4640"
"2897311","5499"
"5042","1131492"
"7088","7100"
"6854","6933"
"6964","126255"
"8008","8009"
"6157","147100"
"3803","20400"
"7100","7110"
"80764","191316"
"147100","6159"
"9170","116991"
"92993","463051"
"45478","45479"
"1117","1161"
"3568","240010"
"38820","14101"
"210","102608"
"39620","48156"
"10028","10030"
"8952","56351"
"9788","9789"
"215813","398580"
"162484","432027"
"9397","9409"
"214430","214431"
"4019","147035"
"108335","108361"
"85019","1696"
"3725","3726"
"30365","141261"
"129337","391290"
"9803","9804"
"5303","396331"
"7180","2772555"
"9533","36223"
"375288","46503"
"4640","4641"
"317","663959"
"146712","1608482"
"414999","415001"
"187421","44316"
"4892","766764"
"79498","79499"
"66017","121769"
"7088","695564"
"34397","5112"
"562","991915"
"8782","8826"
"662","728063"
"2698737","2870"
"3803","137301"
"82024","82025"
"3588","3589"
"274692","34820"
"1385","186817"
"2251","2254"
"186820","2755"
"36668","1909205"
"33154","1913637"
"530174","530176"
"77156","77160"
"222","1389935"
"413501","1159613"
"6937","92741"
"9989","10155"
"134569","388978"
"31953","1678"
"413496","413501"
"1243","1245"
"9539","9545"
"29548","29549"
"144305","310001"
"9726","27609"
"1489907","8157"
"3803","3877"
"260258","260260"
"9895","37180"
"186817","1386"
"1817","37330"
"4034","212256"
"35461","126838"
"40931","273650"
"49546","237"
"6893","230231"
"3524","3536"
"7158","299627"
"108452","108453"
"9415","40232"
"6964","333467"
"133894","139456"
"1386","1428"
"30639","35658"
"570","576"
"41385","41386"
"7158","188700"
"142642","43931"
"3659","869827"
"52201","103695"
"4710","115440"
"40336","157652"
"205895","110829"
"262675","35926"
"9379","62280"
"135620","267849"
"30083","30084"
"5506","169388"
"38832","2812611"
"2132","2133"
"9126","36291"
"5506","5507"
"7215","30025"
"4037","48110"
"4070","24609"
"8826","8830"
"8028","8032"
"4070","4085"
"157540","157541"
"7711","186623"
"10053","523745"
"9445","9454"
"91561","9747"
"543","590"
"4479","15745"
"662","212663"
"226","1656094"
"30102","706776"
"470","1217631"
"82593","326964"
"34619","49202"
"2053","84096"
"337677","465452"
"126255","320892"
"3633","47602"
"3745","3749"
"186826","81852"
"4044","4045"
"1522684","2850379"
"169440","169461"
"27482","13130"
"7088","41021"
"4037","4042"
"41945","24584"
"116172","2899683"
"53335","549"
"59475","94956"
"33651","238884"
"117880","195333"
"1396","226900"
"9658","29065"
"112276","112277"
"547","550"
"2603868","2603869"
"9598","37012"
"235","430066"
"4512","4513"
"40289","36048"
"30871","184439"
"28182","1001595"
"33196","1615967"
"7402","92993"
"1883","146922"
"39987","66679"
"126288","126289"
"85823","6974"
"465452","282341"
"30079","757355"
"4050","4051"
"84565","63612"
"5204","162484"
"50190","50207"
"10128","10129"
"37607","176086"
"9153","142475"
"7090","7091"
"80865","180282"
"128016","128017"
"10239","2731342"
"34625","72862"
"5598","29001"
"6964","70378"
"63462","276814"
"1117","1150"
"33554","9647"
"6854","6935"
"1028384","681950"
"30396","56263"
"1308","1091038"
"10066","121588"
"36809","319705"
"1478145","118509"
"190765","2792002"
"186623","31022"
"9397","9398"
"3754","105665"
"7100","7112"
"40829","98391"
"7399","34735"
"9996","99837"
"862241","38944"
"4479","15437"
"13305","93697"
"9432","438766"
"3398","41937"
"21880","49212"
"6544","2783445"
"68808","109384"
"4618","4642"
"46145","46146"
"13203","29031"
"107394","107395"
"6760","6761"
"4050","46414"
"314275","1774373"
"43365","43366"
"590","599"
"9271","9272"
"10090","10092"
"3803","53892"
"163059","331240"
"9527","392815"
"229980","1198449"
"1297","188787"
"378855","9506"
"9989","337677"
"30871","300414"
"34843","34844"
"3497","85232"
"8782","8936"
"9533","36225"
"5179","5180"
"6683","64463"
"33154","10197"
"215357","215358"
"186817","2837485"
"30449","30451"
"7164","139045"
"188487","188493"
"467175","467176"
"8835","8839"
"9134","9135"
"1423","224308"
"37184","37186"
"98042","169254"
"9688","9694"
"9108","9119"
"32033","2370"
"186623","76071"
"28983","5179"
"186623","8070"
"9806","9807"
"6497","6498"
"6913","258337"
"3568","13273"
"9431","29077"
"21910","22002"
"10066","10111"
"9871","9872"
"190765","53545"
"413496","413503"
"117743","200644"
"7652","7654"
"3524","3525"
"4143","156201"
"3754","3758"
"46255","137591"
"693430","9718"
"4053","4054"
"169521","221775"
"33154","5204"
"6683","6745"
"8804","8805"
"7408","7415"
"72035","72036"
"53409","83964"
"36095","37770"
"1578","1587"
"89248","89252"
"5543","101201"
"7763","7764"
"156087","156088"
"186994","58068"
"21472","21496"
"3883","3885"
"171","28452"
"65619","9309"
"82593","248898"
"561","1884818"
"51347","2082264"
"47766","56364"
"33845","3004"
"16237","134860"
"38214","78845"
"39465","39466"
"31212","31213"
"2879","43935"
"312887","312888"
"543","413496"
"70447","242159"
"4479","15492"
"1322061","456999"
"7157","149459"
"1279","29388"
"78156","655981"
"37990","77043"
"7100","320016"
"30870","29153"
"1279","1280"
"9900","9902"
"7106","37547"
"4070","4074"
"72045","103719"
"4210","41503"
"7164","7165"
"543","579"
"10053","100897"
"4085","4089"
"50190","255580"
"262675","262696"
"337677","10053"
"34643","114395"
"511678","668"
"9406","9407"
"407951","120395"
"84337","77654"
"3398","73496"
"1307778","669655"
"4210","13516"
"1489940","30875"
"1883","1902"
"3921","20997"
"190765","329105"
"1851551","107449"
"7096","151303"
"274","300852"
"3395","3396"
"42712","70610"
"3977","3980"
"3656","217619"
"9859","9860"
"55153","9996"
"14366","160533"
"41820","469753"
"3563","46111"
"204266","204267"
"9432","187007"
"10066","10045"
"4668","82236"
"8561","357317"
"1307","286604"
"7399","7408"
"4037","4044"
"8549","8550"
"58763","58764"
"568987","138072"
"1239","91061"
"3863","3864"
"4501","52150"
"33416","33431"
"268499","554493"
"13562","984962"
"554","555"
"223491","223492"
"13432","1262117"
"8906","54049"
"180539","180540"
"7402","64874"
"42414","134742"
"115440","184783"
"1423","564286"
"171549","815"
"30870","215357"
"1639","393119"
"8113","74132"
"9604","9596"
"3995","3996"
"317","103796"
"49666","221260"
"94326","125257"
"1446380","3318"
"3524","3593"
"9133","36254"
"58368","58369"
"9836","9838"
"32066","203490"
"9596","9597"
"4107","172790"
"9126","9153"
"6237","6238"
"4050","4053"
"7100","7101"
"30483","263714"
"9312","9316"
"9611","9612"
"59270","2746634"
"810","83555"
"7953","7956"
"305","342110"
"51238","51239"
"8015","8016"
"1883","33903"
"3977","100370"
"9376","127559"
"2895727","226875"
"53551","758603"
"45806","45807"
"9126","38563"
"115353","691691"
"6995","82804"
"24584","40749"
"8043","30759"
"43931","133509"
"7088","7117"
"7041","7042"
"40552","39509"
"27621","270771"
"7147","81710"
"119060","48736"
"10128","129247"
"7956","7957"
"4056","276813"
"3499","13186"
"7158","7159"
"2053","945692"
"4710","51952"
"157791","3916"
"8550","8551"
"7088","32434"
"562","991919"
"106975","371859"
"119486","119487"
"818","226186"
"28256","2745"
"1100069","563843"
"40552","796792"
"1392","261591"
"562","37762"
"2270","2271"
"1639","265669"
"204458","76892"
"5754","29195"
"186623","1489940"
"3705","3710"
"28211","356"
"38413","38414"
"44233","44234"
"9871","9874"
"7524","30102"
"32008","28450"
"2854170","60136"
"1224","1236"
"9539","9549"
"27434","771813"
"34019","34021"
"4677","13305"
"8476","85610"
"2157","2290931"
"3536","3537"
"9895","37184"
"6656","7553"
"34630","60189"
"27716","27717"
"4335","49647"
"7524","33377"
"82115","28105"
"140493","27921"
"3653","3654"
"28556","5598"
"30910","33789"
"662","691"
"1392","260799"
"7482","111072"
"135620","28253"
"1236","135625"
"1245","33967"
"10067","10068"
"1644055","1644056"
"562","566546"
"4667","50362"
"4281","4283"
"359336","658610"
"200643","171549"
"4479","4527"
"40886","40888"
"4286","16900"
"5581","176275"
"9605","9606"
"8184","8186"
"2830","73028"
"553691","299721"
"3398","233875"
"55597","55598"
"48823","1713851"
"3803","35627"
"1279","1282"
"29120","218825"
"7164","925982"
"151068","151069"
"28901","99287"
"35493","3398"
"6770","1239988"
"30420","108826"
"7164","7167"
"7174","162997"
"4056","126745"
"3700","190883"
"80840","119060"
"7157","7164"
"4113","80418"
"118883","12914"
"44249","59843"
"281915","1888168"
"32434","13190"
"107273","107283"
"9415","27659"
"31","32"
"1033978","1401161"
"8689","8721"
"4107","160510"
"28901","54388"
"6757","6762"
"9804","9805"
"46254","1247"
"337677","447134"
"30096","30097"
"216572","216851"
"3977","3982"
"249411","252483"
"642","948519"
"186623","8006"
"10140","10141"
"9159","48849"
"135622","267888"
"4479","37562"
"596707","37927"
"4747","80424"
"9342","9343"
"3398","3524"
"190765","228918"
"30361","104071"
"53246","267375"
"6562","6563"
"47081","47082"
"47251","1184"
"4948","4950"
"288227","389681"
"3318","3356"
"7459","7461"
"3977","3995"
"5250","5251"
"1522684","1698855"
"13792","41873"
"7761","7762"
"561","2093884"
"4143","4149"
"4642","99568"
"317","321"
"2267","2270"
"126757","126758"
"8906","8910"
"7399","7423"
"680","2902295"
"7112","29058"
"4210","4216"
"287","1227568"
"1764","1770"
"7408","144305"
"30084","50650"
"6683","6694"
"7405","49201"
"25782","879920"
"4057","4058"
"251701","323"
"562","83334"
"30125","30127"
"7174","299630"
"7097","7098"
"2284","687692"
"1783257","74201"
"1129","166321"
"9186","411519"
"810","83557"
"1404","592022"
"33196","40559"
"38563","228563"
"9935","9940"
"1048899","34862"
"283033","283036"
"9673","9674"
"147271","158143"
"108930","108931"
"201800","94885"
"815","816"
"9438","242197"
"35934","183063"
"7164","74873"
"9835","30539"
"4544","568969"
"9740","9741"
"7036","7037"
"5121","52586"
"1489940","8180"
"4642","188482"
"1716","1725"
"10066","635074"
"7586","7625"
"183963","1644060"
"1218","1219"
"4697","54860"
"9784","99490"
"2789653","292307"
"2263","1128108"
"75055","58763"
"6448","69697"
"7147","41819"
"3764","128735"
"7158","7161"
"8782","8940"
"9831","56797"
"1584","29397"
"155619","5303"
"1307","1004951"
"34882","1049777"
"317805","1590998"
"1350","1351"
"641","662"
"3803","35937"
"4479","158114"
"139475","197043"
"7126","63990"
"2","1783257"
"7100","103830"
"4893","4948"
"9431","27671"
"265","267"
"213481","213483"
"41945","4335"
"13659","544840"
"1428","1279365"
"21910","39255"
"8016","74940"
"117982","6700"
"44985","81765"
"4210","13707"
"7197","252610"
"4119","89662"
"39255","634377"
"40677","44191"
"6942","34610"
"1351","525271"
"49442","249024"
"4554","4556"
"33114","40320"
"7158","317808"
"10066","30639"
"77156","77166"
"79456","79457"
"52817","52818"
"1386","1408"
"3705","3712"
"1304","1046629"
"9989","10161"
"49442","59479"
"49237","426634"
"662","680"
"3803","3883"
"9401","132908"
"6683","6749"
"51347","83535"
"52798","59234"
"7408","7419"
"907740","907742"
"1853224","2893042"
"204455","2854170"
"6566","6578"
"1578","1591"
"2726947","93133"
"4034","50475"
"3542","45317"
"9527","9554"
"1428","527022"
"6972","6973"
"7952","2743709"
"3524","3542"
"198252","335992"
"84998","1643822"
"9214","9215"
"220608","220933"
"24966","58416"
"8461","904236"
"9506","9508"
"195882","195883"
"147271","547450"
"164646","84844"
"2681187","9489"
"9527","9567"
"549779","985781"
"543","570"
"85823","1912919"
"32390","89805"
"5506","2747958"
"7954","7955"
"4679","28911"
"5073","36651"
"27673","61862"
"9720","271025"
"1804623","240058"
"4454","78377"
"6961","70381"
"9527","54132"
"9682","9683"
"6770","1239990"
"5112","35717"
"4697","39639"
"9126","36297"
"201174","84998"
"91561","9740"
"4107","4081"
"1926313","30343"
"51299","187011"
"286","46677"
"174462","174463"
"40749","103543"
"8835","75839"
"203492","848"
"8782","30458"
"73496","40552"
"3746","101015"
"9231","9235"
"82594","1049282"
"36801","214449"
"133894","29019"
"34907","204969"
"51137","90988"
"3646","629714"
"670516","36809"
"186447","98293"
"15745","29695"
"4085","1926302"
"47251","47253"
"50578","50579"
"1423","86029"
"29120","2034202"
"28901","58712"
"7112","7113"
"56688","1879286"
"135622","267890"
"8784","8788"
"357","1183401"
"7524","41702"
"1428","29339"
"338","48664"
"287","652611"
"31989","265"
"561","562"
"49442","89399"
"3633","3635"
"29547","235899"
"3803","3817"
"55495","55497"
"13037","278856"
"50384","219545"
"84613","84614"
"35493","58019"
"4045","117781"
"9227","232635"
"347","64187"
"27482","202455"
"3569","118431"
"10066","61151"
"9822","9823"
"9443","378855"
"1448052","82942"
"40674","9787"
"34625","72855"
"40674","38605"
"7995","30989"
"116127","201501"
"7366","7369"
"337677","29105"
"72037","72033"
"6939","34622"
"147550","37989"
"4069","4070"
"82462","259054"
"1462","1337888"
"126747","185024"
"8293","8294"
"3803","49792"
"43521","43522"
"1883","67384"
"69078","69079"
"9126","9170"
"115870","293917"
"6893","75055"
"40552","39500"
"9186","36282"
"3700","50495"
"1219","167542"
"38609","9338"
"9223","9224"
"4143","21910"
"378855","9499"
"46149","46150"
"4210","41562"
"767891","767892"
"8782","8929"
"8015","8033"
"7901","7904"
"7174","2912049"
"1580844","1580850"
"180526","223331"
"28725","30420"
"183218","183220"
"9676","9677"
"35939","127142"
"3934","13118"
"2706","2708"
"27492","207696"
"63429","63433"
"7158","7163"
"34625","34627"
"3977","20025"
"186623","1489931"
"59171","300888"
"9431","27673"
"268499","29056"
"122277","1913084"
"2793945","446948"
"186623","8184"
"3803","21013"
"24663","374031"
"38624","38625"
"4119","89664"
"6770","6771"
"7174","1273079"
"135613","1046"
"378844","378845"
"626425","117202"
"29122","37020"
"124916","124917"
"8830","1526411"
"218469","30361"
"6683","6738"
"226684","226685"
"5794","1280412"
"271790","35936"
"4527","52841"
"183968","2258"
"90643","258236"
"40931","40932"
"555369","2681631"
"9890","9891"
"33789","64152"
"72275","226"
"1513","1172203"
"31032","31033"
"33958","2767842"
"4479","37874"
"1890424","1890426"
"7197","7201"
"37611","59728"
"41820","88399"
"127559","127560"
"1386","1423"
"551","558"
"570","571"
"79027","152850"
"325628","435163"
"662","136468"
"84563","1224"
"241826","245701"
"9554","100937"
"7399","44353"
"45057","161014"
"1004435","51950"
"13562","207832"
"7899","7900"
"9506","9510"
"7101","7102"
"3398","4199"
"34397","40612"
"8459","328320"
"30871","94231"
"7402","51538"
"1762","1866885"
"56489","56493"
"27922","27923"
"1853220","1853222"
"29056","29057"
"210","866344"
"32008","60550"
"3398","3502"
"27482","312887"
"9682","9685"
"9235","79626"
"3593","153864"
"40674","9989"
"3603","96939"
"4107","4083"
"2854170","875170"
"337677","10059"
"2895726","30640"
"30908","215387"
"38625","38626"
"497516","497517"
"3700","126269"
"160544","270102"
"186820","1637"
"3398","3744"
"47605","183260"
"9231","9237"
"85007","1762"
"41393","336939"
"26867","29818"
"270857","441937"
"1279","45972"
"8032","227976"
"4479","58090"
"7117","2053040"
"8835","75854"
"7158","53540"
"186623","30870"
"8252","8256"
"2528436","48558"
"186623","1489878"
"27659","27660"
"41820","46212"
"85823","1049651"
"7174","7175"
"34619","34621"
"5250","1322061"
"129337","1430331"
"9416","9417"
"183963","2235"
"37571","214089"
"370897","383670"
"1783272","1117"
"2745","77097"
"469","106654"
"2675234","246272"
"3781","23012"
"186623","8252"
"268499","168630"
"29105","56211"
"6683","6685"
"82804","128161"
"41820","909053"
"9992","93163"
"267104","444649"
"547","42895"
"1301","33972"
"12914","314564"
"233283","233284"
"6944","689458"
"31185","7652"
"8509","8689"
"30955","61083"
"14366","112607"
"41218","13444"
"3744","3481"
"10066","61153"
"40674","91561"
"31262","52316"
"1051663","1406378"
"1783272","201174"
"1359","416870"
"3537","3538"
"4210","102786"
"37657","52853"
"317801","864620"
"64898","168657"
"30102","30147"
"6681","75390"
"52903","52904"
"49442","302411"
"48209","52299"
"72034","217164"
"9153","9154"
"8295","8305"
"4618","4637"
"33554","9655"
"5257","5267"
"3669","3670"
"5159","42373"
"1033996","1033997"
"1129","232353"
"40552","39502"
"562","244320"
"6243","6237"
"9554","9555"
"55270","79327"
"570","1497796"
"8578","201800"
"10001","34861"
"5125","110618"
"110071","103373"
"9895","9969"
"6592","186463"
"52959","2745561"
"4056","63462"
"7157","124916"
"8573","401042"
"151546","151547"
"7110","7111"
"47526","52376"
"3801","3802"
"56797","56798"
"9352","9353"
"4137","4138"
"33194","5016"
"286","317"
"85008","28056"
"34622","34624"
"9688","9689"
"4056","63475"
"830","831"
"9373","71118"
"3398","40551"
"8033","8038"
"286","70775"
"73028","418967"
"190765","571210"
"4496","4498"
"3564","56196"
"1524962","35426"
"6544","106218"
"273790","273791"
"339868","8324"
"3898","60916"
"7524","30095"
"30626","30627"
"4583","281129"
"9539","9542"
"10156","10157"
"3502","16714"
"41773","41775"
"96479","183277"
"2237","29282"
"7164","41429"
"107449","264483"
"6578","6579"
"3608","72171"
"8509","8515"
"1396","526980"
"13261","13262"
"4204","85293"
"3554","343494"
"49237","426638"
"7158","1263930"
"84832","84836"
"115353","704329"
"4747","78752"
"3499","83905"
"7128","512392"
"35729","40690"
"8867","8869"
"4739","4740"
"570","573"
"33554","9697"
"129553","129554"
"192463","192464"
"3660","3663"
"4479","4520"
"6548","61855"
"7128","325880"
"42219","4281"
"53922","948718"
"3550","34272"
"8252","52902"
"190765","120870"
"40084","40085"
"139057","139058"
"30648","2776189"
"2870","2877"
"50557","6993"
"119977","33059"
"4085","49454"
"5721","5722"
"7961","7962"
"9893","9894"
"9859","1574408"
"9612","9615"
"23513","159061"
"258337","258338"
"2706","85571"
"43148","72879"
"8782","30449"
"210","866346"
"3650","252532"
"183925","2158"
"81835","187174"
"10114","35732"
"192752","8404"
"2732007","2732523"
"9527","54136"
"562","1055538"
"163898","163899"
"4136","21819"
"9227","9228"
"1402","279010"
"7097","40071"
"29438","319"
"4037","40886"
"38820","4609"
"4210","13753"
"104267","107401"
"9231","9239"
"94992","94993"
"9999","259022"
"3745","3746"
"8487","38771"
"7128","522809"
"7158","1451302"
"27925","27926"
"188786","270"
"26378","292520"
"452563","5498"
"1351","936153"
"1141637","76772"
"7174","7177"
